task_id,group,source_official_task_id,dataset,tier,scene,bfs_distance,max_steps,n_anchors_strict,anchors,pass_presence_strict,pass_area1pct_strict,dist_from_start_m,dist_from_official_target_m,golden_steps,verified,stage
tvr_procthor_procthor_03569_easy_t01_s01_v2,v2,procthor_procthor_03569_easy_t01_s01,procthor,procthor-easy,procthor:3569,5,40,7,Book;Chair;CounterTop;DiningTable;GarbageCan;Plate;Sofa,0.04,0.0,1.03,3.95,11,True,1
tvr_procthor_procthor_04435_easy_t00_s00_v2,v2,procthor_procthor_04435_easy_t00_s00,procthor,procthor-easy,procthor:4435,5,40,4,ArmChair;Bed;Dresser;FloorLamp,0.06,0.0,1.03,2.02,11,True,1
tvr_procthor_procthor_03405_easy_t01_s01_retarget,retarget,procthor_procthor_03405_easy_t01_s01,procthor,procthor-easy,procthor:3405,6,40,6,Bed;Desk;GarbageCan;Laptop;Sink;TissueBox,0.0,0.0,1.12,,14,True,1
tvr_procthor_procthor_04435_easy_t05_s01_v2,v2,procthor_procthor_04435_easy_t05_s01,procthor,procthor-easy,procthor:4435,6,40,5,GarbageCan;LaundryHamper;Sink;Toilet;WashingMachine,0.06,0.0,1.12,3.01,16,True,1
tvr_procthor_procthor_05193_easy_t00_s00_retarget,retarget,procthor_procthor_05193_easy_t00_s00,procthor,procthor-easy,procthor:5193,6,40,8,DeskLamp;Drawer;Dresser;Shelf;ShelvingUnit;Statue;Television;Vase,0.0,0.0,1.06,,14,True,1
tvr_procthor_procthor_05393_easy_t08_s00_retarget,retarget,procthor_procthor_05393_easy_t08_s00,procthor,procthor-easy,procthor:5393,6,40,5,Bed;Book;Drawer;Dresser;Vase,0.12,0.0,1.12,,12,True,1
tvr_procthor_procthor_07415_easy_t04_s01_v2,v2,procthor_procthor_07415_easy_t04_s01,procthor,procthor-easy,procthor:7415,6,40,4,Box;DiningTable;Fridge;GarbageBag,0.0,0.0,1.27,4.67,12,True,1
tvr_procthor_procthor_07500_easy_t01_s00_v2,v2,procthor_procthor_07500_easy_t01_s00,procthor,procthor-easy,procthor:7500,6,40,10,Bottle;Box;CounterTop;Cup;Doorframe;Fridge;HousePlant;SprayBottle;TVStand;Television,0.0,0.0,1.06,4.03,12,True,1
tvr_procthor_procthor_09764_easy_t09_s01_v2,v2,procthor_procthor_09764_easy_t09_s01,procthor,procthor-easy,procthor:9764,6,40,6,ArmChair;Bed;Drawer;Dresser;FloorLamp;TeddyBear,0.04,0.0,1.12,3.75,17,True,1
tvr_procthor_procthor_01294_easy_t04_s00_v2,v2,procthor_procthor_01294_easy_t04_s00,procthor,procthor-easy,procthor:1294,7,40,6,Bed;DeskLamp;DogBed;Drawer;Dresser;Pillow,0.02,0.0,1.25,1.9,12,True,1
tvr_procthor_procthor_09286_easy_t08_s00_v2,v2,procthor_procthor_09286_easy_t08_s00,procthor,procthor-easy,procthor:9286,7,40,7,CounterTop;Doorframe;GarbageCan;Microwave;Sofa;Toaster;Vase,0.04,0.0,1.75,4.76,11,True,1
tvr_procthor_procthor_02586_easy_t02_s01_v2,v2,procthor_procthor_02586_easy_t02_s01,procthor,procthor-easy,procthor:2586,8,40,3,Desk;DeskLamp;GarbageCan,0.02,0.0,2.0,2.26,10,True,1
tvr_procthor_procthor_03829_easy_t07_s00_v2,v2,procthor_procthor_03829_easy_t07_s00,procthor,procthor-easy,procthor:3829,8,40,4,Bed;Box;Dresser;LaundryHamper,0.0,0.0,1.58,1.95,14,True,1
tvr_procthor_procthor_03890_easy_t04_s01_v2,v2,procthor_procthor_03890_easy_t04_s01,procthor,procthor-easy,procthor:3890,8,40,6,Drawer;Dresser;Faucet;Sink;SinkBasin;Toilet,0.04,0.0,1.58,4.45,18,True,1
tvr_procthor_procthor_07302_easy_t04_s01_v2,v2,procthor_procthor_07302_easy_t04_s01,procthor,procthor-easy,procthor:7302,8,40,6,Chair;CoffeeMachine;CounterTop;DiningTable;Doorframe;HousePlant,0.02,0.0,1.46,1.77,13,True,1
tvr_procthor_procthor_07541_easy_t01_s00_v2,v2,procthor_procthor_07541_easy_t01_s00,procthor,procthor-easy,procthor:7541,8,40,5,CoffeeMachine;CounterTop;Lettuce;Pot;Toaster,0.12,0.0,1.46,3.91,14,True,1
tvr_procthor_procthor_09286_easy_t04_s01_v2,v2,procthor_procthor_09286_easy_t04_s01,procthor,procthor-easy,procthor:9286,8,40,6,DeskLamp;DiningTable;Shelf;Sofa;TVStand;Television,0.1,0.02,1.58,1.46,14,True,1
tvr_procthor_procthor_09639_easy_t02_s00_v2,v2,procthor_procthor_09639_easy_t02_s00,procthor,procthor-easy,procthor:9639,8,40,9,Bowl;Bread;CounterTop;DiningTable;Knife;Pan;Plate;Shelf;Television,0.02,0.0,1.46,2.69,14,True,1
tvr_procthor_procthor_09639_easy_t04_s00_v2,v2,procthor_procthor_09639_easy_t04_s00,procthor,procthor-easy,procthor:9639,9,40,7,Book;Box;DiningTable;Shelf;Sofa;TVStand;Television,0.12,0.0,1.82,4.37,17,True,1
tvr_procthor_procthor_04719_easy_t09_s00_retarget,retarget,procthor_procthor_04719_easy_t09_s00,procthor,procthor-easy,procthor:4719,10,40,6,Bed;Drawer;Dresser;Laptop;Pillow;Television,0.0,0.0,1.77,,25,True,1
tvr_procthor_procthor_05041_easy_t03_s01_v2,v2,procthor_procthor_05041_easy_t03_s01,procthor,procthor-easy,procthor:5041,10,40,3,Doorframe;Fridge;GarbageBag,0.06,0.04,1.41,3.82,19,True,1
tvr_procthor_procthor_07302_easy_t02_s01_v2,v2,procthor_procthor_07302_easy_t02_s01,procthor,procthor-easy,procthor:7302,10,40,5,CounterTop;DiningTable;Doorframe;Fridge;GarbageCan,0.0,0.0,2.0,3.81,19,True,1
tvr_procthor_procthor_08101_easy_t00_s00_v2,v2,procthor_procthor_08101_easy_t00_s00,procthor,procthor-easy,procthor:8101,10,40,6,Chair;DeskLamp;DiningTable;GarbageCan;HousePlant;TVStand,0.06,0.0,1.77,2.14,18,True,1
tvr_procthor_procthor_01377_easy_t04_s01_v2,v2,procthor_procthor_01377_easy_t04_s01,procthor,procthor-easy,procthor:1377,11,40,5,Chair;Doorframe;Fridge;Laptop;Sofa,0.0,0.0,2.02,4.24,29,True,1
tvr_procthor_procthor_02586_easy_t04_s01_v2,v2,procthor_procthor_02586_easy_t04_s01,procthor,procthor-easy,procthor:2586,11,40,7,Bed;Book;Drawer;Dresser;HousePlant;LaundryHamper;Pillow,0.04,0.0,2.3,3.88,26,True,1
tvr_procthor_procthor_04114_easy_t08_s01_v2,v2,procthor_procthor_04114_easy_t08_s01,procthor,procthor-easy,procthor:4114,11,40,7,BaseballBat;Bed;Box;Drawer;Dresser;Pillow;TennisRacket,0.04,0.0,2.14,2.06,22,True,1
tvr_procthor_procthor_04435_easy_t09_s00_v2,v2,procthor_procthor_04435_easy_t09_s00,procthor,procthor-easy,procthor:4435,11,40,6,ArmChair;Bed;Drawer;Dresser;FloorLamp;Laptop,0.04,0.0,2.3,3.72,20,True,1
tvr_procthor_procthor_04719_easy_t08_s01_retarget,retarget,procthor_procthor_04719_easy_t08_s01,procthor,procthor-easy,procthor:4719,11,40,4,Bed;Dresser;Laptop;Pillow,0.0,0.0,2.02,,19,True,1
tvr_procthor_procthor_05393_easy_t01_s01_v2,v2,procthor_procthor_05393_easy_t01_s01,procthor,procthor-easy,procthor:5393,11,40,6,Bed;Book;Box;Drawer;Dresser;Vase,0.06,0.0,2.14,1.25,19,True,1
tvr_procthor_procthor_07415_easy_t08_s01_v2,v2,procthor_procthor_07415_easy_t08_s01,procthor,procthor-easy,procthor:7415,11,40,4,Box;DiningTable;Fridge;GarbageBag,0.0,0.0,1.95,3.5,19,True,1
tvr_procthor_procthor_09639_easy_t07_s00_v2,v2,procthor_procthor_09639_easy_t07_s00,procthor,procthor-easy,procthor:9639,11,40,6,Bread;CounterTop;DiningTable;FloorLamp;Sofa;Television,0.0,0.0,2.3,4.37,18,True,1
tvr_procthor_procthor_01294_easy_t09_s00_v2,v2,procthor_procthor_01294_easy_t09_s00,procthor,procthor-easy,procthor:1294,12,40,6,Bed;DeskLamp;DogBed;Drawer;Dresser;Pillow,0.0,0.0,2.24,2.14,26,True,1
tvr_procthor_procthor_01377_easy_t07_s01_v2,v2,procthor_procthor_01377_easy_t07_s01,procthor,procthor-easy,procthor:1377,12,40,5,Doorframe;Fridge;Laptop;SideTable;Sofa,0.02,0.0,2.76,1.77,19,True,1
tvr_procthor_procthor_02586_easy_t06_s01_v2,v2,procthor_procthor_02586_easy_t06_s01,procthor,procthor-easy,procthor:2586,12,40,7,Bed;Book;Drawer;Dresser;HousePlant;LaundryHamper;Pillow,0.06,0.0,2.76,2.06,17,True,1
tvr_procthor_procthor_04435_easy_t07_s01_v2,v2,procthor_procthor_04435_easy_t07_s01,procthor,procthor-easy,procthor:4435,12,40,8,ArmChair;FloorLamp;GarbageCan;LaundryHamper;Safe;Sink;Toilet;WashingMachine,0.0,0.0,2.37,1.95,27,True,1
tvr_procthor_procthor_05393_easy_t01_s00_v2,v2,procthor_procthor_05393_easy_t01_s00,procthor,procthor-easy,procthor:5393,12,40,8,Bed;Book;Box;Drawer;Dresser;Laptop;Pillow;Vase,0.12,0.0,2.37,1.35,22,True,1
tvr_procthor_procthor_06616_easy_t07_s00_v2,v2,procthor_procthor_06616_easy_t07_s00,procthor,procthor-easy,procthor:6616,12,40,7,Drawer;Dresser;GarbageCan;HousePlant;Safe;Statue;Television,0.0,0.0,1.46,1.35,23,True,1
tvr_procthor_procthor_07415_easy_t07_s00_v2,v2,procthor_procthor_07415_easy_t07_s00,procthor,procthor-easy,procthor:7415,12,40,3,CounterTop;Fridge;Stool,0.0,0.0,2.76,1.25,18,True,1
tvr_procthor_procthor_09764_easy_t04_s00_v2,v2,procthor_procthor_09764_easy_t04_s00,procthor,procthor-easy,procthor:9764,12,40,5,ArmChair;Bed;Dresser;FloorLamp;TeddyBear,0.06,0.0,2.15,1.75,19,True,1
tvr_procthor_procthor_01090_easy_t05_s00_v2,v2,procthor_procthor_01090_easy_t05_s00,procthor,procthor-easy,procthor:1090,13,40,5,CounterTop;Kettle;Mug;SoapBottle;SprayBottle,0.08,0.0,2.61,4.37,19,True,2
tvr_procthor_procthor_01090_easy_t08_s00_v2,v2,procthor_procthor_01090_easy_t08_s00,procthor,procthor-easy,procthor:1090,13,40,5,DiningTable;Doorframe;GarbageBag;Sofa;Stool,0.02,0.0,2.46,3.48,21,True,2
tvr_procthor_procthor_05662_easy_t00_s01_v2,v2,procthor_procthor_05662_easy_t00_s01,procthor,procthor-easy,procthor:5662,13,40,6,AlarmClock;Bed;Laptop;Pillow;Stool;Television,0.06,0.0,2.36,1.75,26,True,2
tvr_procthor_procthor_07252_easy_t07_s01_v2,v2,procthor_procthor_07252_easy_t07_s01,procthor,procthor-easy,procthor:7252,13,40,5,Bed;Desk;HousePlant;Laptop;TeddyBear,0.0,0.0,2.61,3.69,27,True,2
tvr_procthor_procthor_07293_easy_t01_s00_v2,v2,procthor_procthor_07293_easy_t01_s00,procthor,procthor-easy,procthor:7293,13,40,6,DishSponge;Faucet;Sink;SinkBasin;SoapBottle;Toilet,0.06,0.0,2.3,2.36,17,True,2
tvr_procthor_procthor_07302_easy_t04_s00_v2,v2,procthor_procthor_07302_easy_t04_s00,procthor,procthor-easy,procthor:7302,13,40,5,Chair;CoffeeMachine;CounterTop;DiningTable;Doorframe,0.0,0.0,2.3,3.34,28,True,2
tvr_procthor_procthor_08118_easy_t06_s00_v2,v2,procthor_procthor_08118_easy_t06_s00,procthor,procthor-easy,procthor:8118,13,40,6,Book;Chair;CounterTop;DiningTable;Pot;Stool,0.02,0.0,2.25,1.75,23,True,2
tvr_procthor_procthor_00449_easy_t03_s01_v2,v2,procthor_procthor_00449_easy_t03_s01,procthor,procthor-easy,procthor:449,14,40,6,Bed;Drawer;Dresser;GarbageCan;Pillow;Toilet,0.02,0.0,3.26,1.25,23,True,2
tvr_procthor_procthor_02586_easy_t05_s01_v2,v2,procthor_procthor_02586_easy_t05_s01,procthor,procthor-easy,procthor:2586,14,40,6,Bed;Drawer;Dresser;HousePlant;LaundryHamper;Pillow,0.08,0.0,2.5,1.58,21,True,2
tvr_procthor_procthor_03569_easy_t09_s00_v2,v2,procthor_procthor_03569_easy_t09_s00,procthor,procthor-easy,procthor:3569,14,40,5,Box;Chair;DiningTable;Fridge;SideTable,0.08,0.0,2.85,6.29,21,True,2
tvr_procthor_procthor_08101_easy_t08_s01_v2,v2,procthor_procthor_08101_easy_t08_s01,procthor,procthor-easy,procthor:8101,14,40,8,Chair;DeskLamp;DiningTable;Doorframe;GarbageCan;HousePlant;TVStand;Television,0.0,0.0,1.58,1.27,25,True,2
tvr_procthor_procthor_08118_easy_t06_s01_v2,v2,procthor_procthor_08118_easy_t06_s01,procthor,procthor-easy,procthor:8118,14,40,6,Book;Chair;CounterTop;DiningTable;Pot;Stool,0.02,0.0,2.26,1.75,29,True,2
tvr_procthor_procthor_09639_easy_t01_s00_v2,v2,procthor_procthor_09639_easy_t01_s00,procthor,procthor-easy,procthor:9639,14,40,7,Book;Box;DiningTable;Shelf;Sofa;TVStand;Television,0.1,0.0,2.85,2.02,19,True,2
tvr_procthor_procthor_09848_easy_t07_s00_v2,v2,procthor_procthor_09848_easy_t07_s00,procthor,procthor-easy,procthor:9848,14,40,7,ArmChair;Bed;FloorLamp;Shelf;TVStand;TeddyBear;Television,0.0,0.0,3.16,5.06,62,True,2
tvr_procthor_procthor_09851_easy_t03_s01_v2,v2,procthor_procthor_09851_easy_t03_s01,procthor,procthor-easy,procthor:9851,14,40,7,Bottle;Chair;DiningTable;Doorframe;Shelf;ShelvingUnit;Sofa,0.04,0.0,4.51,4.45,36,True,2
tvr_procthor_procthor_00449_easy_t05_s01_v2,v2,procthor_procthor_00449_easy_t05_s01,procthor,procthor-easy,procthor:449,15,40,6,Bed;Drawer;Dresser;GarbageCan;Pillow;Toilet,0.02,0.0,3.51,1.77,23,True,2
tvr_procthor_procthor_07415_easy_t00_s01_retarget,retarget,procthor_procthor_07415_easy_t00_s01,procthor,procthor-easy,procthor:7415,15,40,5,Box;Shelf;ShelvingUnit;TVStand;Television,0.02,0.0,1.95,,22,True,2
tvr_procthor_procthor_08101_easy_t03_s00_v2,v2,procthor_procthor_08101_easy_t03_s00,procthor,procthor-easy,procthor:8101,15,40,8,Chair;DeskLamp;DiningTable;Doorframe;GarbageCan;HousePlant;TVStand;Television,0.0,0.0,2.8,2.3,26,True,2
tvr_procthor_procthor_09160_easy_t06_s00_v2,v2,procthor_procthor_09160_easy_t06_s00,procthor,procthor-easy,procthor:9160,15,40,5,CounterTop;DiningTable;HousePlant;Shelf;ShelvingUnit,0.0,0.0,2.7,2.3,24,True,2
tvr_procthor_procthor_09639_easy_t00_s00_v2,v2,procthor_procthor_09639_easy_t00_s00,procthor,procthor-easy,procthor:9639,15,40,5,Pillow;Shelf;Sofa;TVStand;Television,0.1,0.0,3.29,2.3,25,True,2
tvr_procthor_procthor_09848_easy_t08_s01_v2,v2,procthor_procthor_09848_easy_t08_s01,procthor,procthor-easy,procthor:9848,15,40,7,CounterTop;HousePlant;Knife;Plate;SoapBottle;Sofa;Toaster,0.0,0.0,3.02,4.04,28,True,2
tvr_procthor_procthor_04719_easy_t05_s00_v2,v2,procthor_procthor_04719_easy_t05_s00,procthor,procthor-easy,procthor:4719,16,42,5,Bed;Dresser;Laptop;Pillow;Television,0.0,0.0,2.92,3.16,22,True,3
tvr_procthor_procthor_05393_easy_t09_s01_v2,v2,procthor_procthor_05393_easy_t09_s01,procthor,procthor-easy,procthor:5393,16,42,8,Bed;Book;Box;Drawer;Dresser;Laptop;Pillow;Vase,0.04,0.0,3.34,1.8,27,True,3
tvr_procthor_procthor_07415_easy_t06_s01_v2,v2,procthor_procthor_07415_easy_t06_s01,procthor,procthor-easy,procthor:7415,16,42,7,Bowl;CounterTop;Cup;Fridge;GarbageBag;GarbageCan;Stool,0.0,0.0,3.54,2.66,24,True,3
tvr_procthor_procthor_07500_easy_t07_s00_v2,v2,procthor_procthor_07500_easy_t07_s00,procthor,procthor-easy,procthor:7500,16,42,7,Box;Chair;Doorframe;Fridge;SideTable;TVStand;Television,0.06,0.0,2.85,5.15,21,True,3
tvr_procthor_procthor_09848_easy_t04_s01_v2,v2,procthor_procthor_09848_easy_t04_s01,procthor,procthor-easy,procthor:9848,16,42,6,Bed;Drawer;Dresser;Safe;TeddyBear;Television,0.0,0.0,2.85,4.76,21,True,3
tvr_procthor_procthor_09848_easy_t05_s00_v2,v2,procthor_procthor_09848_easy_t05_s00,procthor,procthor-easy,procthor:9848,16,40,8,BaseballBat;BasketBall;Drawer;Dresser;Safe;Shelf;TVStand;Television,0.08,0.0,4.25,6.05,53,True,3
tvr_procthor_procthor_01294_easy_t08_s01_v2,v2,procthor_procthor_01294_easy_t08_s01,procthor,procthor-easy,procthor:1294,17,44,5,DogBed;GarbageCan;Sink;SprayBottle;Toilet,0.04,0.0,3.25,1.5,29,True,3
tvr_procthor_procthor_01881_easy_t06_s01_v2,v2,procthor_procthor_01881_easy_t06_s01,procthor,procthor-easy,procthor:1881,17,44,8,Cart;Doorframe;Fridge;Pillow;Sofa;TVStand;Television;Vase,0.0,0.0,3.05,5.67,27,True,3
tvr_procthor_procthor_06176_easy_t06_s01_v2,v2,procthor_procthor_06176_easy_t06_s01,procthor,procthor-easy,procthor:6176,17,44,9,Book;CounterTop;DeskLamp;DiningTable;Dresser;Fridge;HousePlant;Plate;Statue,0.0,0.0,3.4,6.02,28,True,3
tvr_procthor_procthor_09286_easy_t09_s00_v2,v2,procthor_procthor_09286_easy_t09_s00,procthor,procthor-easy,procthor:9286,17,44,7,DeskLamp;DiningTable;Doorframe;Shelf;Sofa;TVStand;Television,0.04,0.0,3.05,1.8,30,True,3
tvr_procthor_procthor_01090_easy_t03_s01_v2,v2,procthor_procthor_01090_easy_t03_s01,procthor,procthor-easy,procthor:1090,18,46,5,Book;Box;DiningTable;Sofa;Statue,0.08,0.0,3.35,3.51,26,True,3
tvr_procthor_procthor_01294_easy_t02_s00_v2,v2,procthor_procthor_01294_easy_t02_s00,procthor,procthor-easy,procthor:1294,18,46,5,Bed;DogBed;Drawer;Dresser;HousePlant,0.06,0.02,3.26,1.25,30,True,3
tvr_procthor_procthor_01294_easy_t06_s00_v2,v2,procthor_procthor_01294_easy_t06_s00,procthor,procthor-easy,procthor:1294,18,46,5,DogBed;GarbageCan;Sink;SprayBottle;Toilet,0.0,0.0,2.85,1.46,30,True,3
tvr_procthor_procthor_01881_easy_t00_s01_v2,v2,procthor_procthor_01881_easy_t00_s01,procthor,procthor-easy,procthor:1881,18,46,6,Chair;Doorframe;Shelf;Sofa;TVStand;Television,0.02,0.02,3.82,4.81,35,True,3
tvr_procthor_procthor_03405_easy_t02_s00_v2,v2,procthor_procthor_03405_easy_t02_s00,procthor,procthor-easy,procthor:3405,18,46,4,Desk;Dumbbell;Laptop;TissueBox,0.04,0.0,3.35,1.25,34,True,3
tvr_procthor_procthor_05662_easy_t01_s01_retarget,retarget,procthor_procthor_05662_easy_t01_s01,procthor,procthor-easy,procthor:5662,18,46,6,AlarmClock;Bed;Laptop;Pillow;Stool;Television,0.06,0.0,3.16,,34,True,3
tvr_procthor_procthor_07415_easy_t03_s01_v2,v2,procthor_procthor_07415_easy_t03_s01,procthor,procthor-easy,procthor:7415,18,46,4,DiningTable;Shelf;ShelvingUnit;SideTable,0.04,0.0,2.92,1.68,32,True,3
tvr_procthor_procthor_08101_easy_t02_s01_v2,v2,procthor_procthor_08101_easy_t02_s01,procthor,procthor-easy,procthor:8101,18,46,7,Chair;DeskLamp;DiningTable;HousePlant;Shelf;ShelvingUnit;Vase,0.14,0.0,3.35,1.5,27,True,3
tvr_procthor_procthor_09286_easy_t01_s01_v2,v2,procthor_procthor_09286_easy_t01_s01,procthor,procthor-easy,procthor:9286,18,46,7,CounterTop;DiningTable;Doorframe;Shelf;Sofa;TVStand;Television,0.0,0.0,3.26,4.51,30,True,3
tvr_procthor_procthor_04114_easy_t09_s00_v2,v2,procthor_procthor_04114_easy_t09_s00,procthor,procthor-easy,procthor:4114,19,48,6,DishSponge;GarbageCan;Sink;SinkBasin;SoapBottle;Toilet,0.04,0.0,3.36,5.66,28,True,3
tvr_procthor_procthor_07415_easy_t00_s00_retarget,retarget,procthor_procthor_07415_easy_t00_s00,procthor,procthor-easy,procthor:7415,19,48,4,Book;Box;Shelf;ShelvingUnit,0.02,0.0,3.25,,32,True,3
tvr_procthor_procthor_08118_easy_t03_s00_v2,v2,procthor_procthor_08118_easy_t03_s00,procthor,procthor-easy,procthor:8118,19,48,6,Bed;Drawer;Dresser;Fridge;TVStand;Television,0.0,0.0,3.88,1.8,26,True,3
tvr_procthor_procthor_08118_easy_t08_s00_v2,v2,procthor_procthor_08118_easy_t08_s00,procthor,procthor-easy,procthor:8118,19,48,7,Bowl;DeskLamp;Drawer;Dresser;Fridge;TVStand;Television,0.0,0.0,3.4,1.6,31,True,3
tvr_procthor_procthor_01873_easy_t06_s00_retarget,retarget,procthor_procthor_01873_easy_t06_s00,procthor,procthor-easy,procthor:1873,20,50,6,BasketBall;Cabinet;Chair;DiningTable;Dresser;Statue,0.04,0.0,3.95,,31,True,3
tvr_procthor_procthor_04114_easy_t06_s00_v2,v2,procthor_procthor_04114_easy_t06_s00,procthor,procthor-easy,procthor:4114,20,50,4,Bed;GarbageCan;Pillow;TennisRacket,0.0,0.0,3.61,1.77,31,True,3
tvr_procthor_procthor_04435_easy_t09_s01_v2,v2,procthor_procthor_04435_easy_t09_s01,procthor,procthor-easy,procthor:4435,20,50,3,ArmChair;GarbageCan;LaundryHamper,0.08,0.06,4.53,2.69,27,True,3
tvr_procthor_procthor_07504_easy_t04_s01_v2,v2,procthor_procthor_07504_easy_t04_s01,procthor,procthor-easy,procthor:7504,20,50,7,Book;DiningTable;Doorframe;Fridge;GarbageBag;TVStand;Television,0.02,0.0,4.03,1.06,31,True,3
tvr_procthor_procthor_01090_easy_t07_s00_v2,v2,procthor_procthor_01090_easy_t07_s00,procthor,procthor-easy,procthor:1090,21,52,5,DiningTable;Doorframe;GarbageBag;Sofa;Stool,0.0,0.0,3.75,2.25,36,True,3
tvr_procthor_procthor_01873_easy_t02_s01_v2,v2,procthor_procthor_01873_easy_t02_s01,procthor,procthor-easy,procthor:1873,21,52,6,BasketBall;Cabinet;Chair;DiningTable;Dresser;Statue,0.04,0.0,3.82,2.26,32,True,3
tvr_procthor_procthor_02910_easy_t01_s00_v2,v2,procthor_procthor_02910_easy_t01_s00,procthor,procthor-easy,procthor:2910,21,52,4,Bed;Cart;FloorLamp;Television,0.0,0.0,4.19,1.46,35,True,3
tvr_procthor_procthor_04114_easy_t02_s00_retarget,retarget,procthor_procthor_04114_easy_t02_s00,procthor,procthor-easy,procthor:4114,21,52,5,GarbageCan;Sink;SinkBasin;SoapBottle;Toilet,0.08,0.0,3.82,,31,True,3
tvr_procthor_procthor_06036_easy_t02_s01_v2,v2,procthor_procthor_06036_easy_t02_s01,procthor,procthor-easy,procthor:6036,21,52,5,CoffeeMachine;CounterTop;Pan;Toaster;Tomato,0.04,0.0,3.82,6.17,27,True,3
tvr_procthor_procthor_06197_easy_t00_s01_v2,v2,procthor_procthor_06197_easy_t00_s01,procthor,procthor-easy,procthor:6197,21,52,7,Chair;CounterTop;DiningTable;Fridge;GarbageBag;Plate;Safe,0.06,0.0,3.82,4.01,38,True,3
tvr_procthor_procthor_09639_easy_t07_s01_v2,v2,procthor_procthor_09639_easy_t07_s01,procthor,procthor-easy,procthor:9639,21,52,7,Book;Box;DiningTable;Shelf;Sofa;TVStand;Television,0.06,0.0,4.37,1.25,26,True,3
tvr_procthor_procthor_01377_easy_t01_s01_v2,v2,procthor_procthor_01377_easy_t01_s01,procthor,procthor-easy,procthor:1377,22,54,5,Chair;Doorframe;Fridge;Laptop;Sofa,0.0,0.0,4.12,4.7,43,True,3
tvr_procthor_procthor_04114_easy_t06_s01_v2,v2,procthor_procthor_04114_easy_t06_s01,procthor,procthor-easy,procthor:4114,22,54,4,Bed;GarbageCan;Pillow;TennisRacket,0.0,0.0,4.14,1.77,30,True,3
tvr_procthor_procthor_09160_easy_t06_s01_v2,v2,procthor_procthor_09160_easy_t06_s01,procthor,procthor-easy,procthor:9160,22,54,4,Book;Shelf;ShelvingUnit;Statue,0.06,0.0,4.03,3.55,29,True,3
tvr_procthor_procthor_01377_easy_t06_s01_v2,v2,procthor_procthor_01377_easy_t06_s01,procthor,procthor-easy,procthor:1377,23,56,5,DiningTable;Doorframe;Fridge;Laptop;Sofa,0.0,0.0,4.1,2.06,34,True,3
tvr_procthor_procthor_03829_easy_t08_s00_v2,v2,procthor_procthor_03829_easy_t08_s00,procthor,procthor-easy,procthor:3829,23,56,5,Bed;Box;Dresser;LaundryHamper;Pillow,0.0,0.0,4.67,1.0,36,True,3
tvr_procthor_procthor_04114_easy_t05_s00_v2,v2,procthor_procthor_04114_easy_t05_s00,procthor,procthor-easy,procthor:4114,23,56,3,Faucet;Sink;Toilet,0.28,0.0,4.25,2.25,30,True,3
tvr_procthor_procthor_06197_easy_t04_s00_v2,v2,procthor_procthor_06197_easy_t04_s00,procthor,procthor-easy,procthor:6197,23,56,6,CounterTop;DiningTable;Fridge;Shelf;Sofa;Television,0.02,0.0,4.07,3.78,35,True,3
tvr_procthor_procthor_07252_easy_t00_s00_v2,v2,procthor_procthor_07252_easy_t00_s00,procthor,procthor-easy,procthor:7252,23,56,4,CounterTop;Doorframe;TVStand;Television,0.02,0.0,4.1,4.85,38,True,3
tvr_procthor_procthor_07541_easy_t04_s01_v2,v2,procthor_procthor_07541_easy_t04_s01,procthor,procthor-easy,procthor:7541,23,56,5,Box;DiningTable;FloorLamp;GarbageCan;Television,0.04,0.0,4.07,1.03,42,True,3
tvr_procthor_procthor_07541_easy_t07_s01_v2,v2,procthor_procthor_07541_easy_t07_s01,procthor,procthor-easy,procthor:7541,23,56,5,CoffeeMachine;CounterTop;Lettuce;Pot;Toaster,0.02,0.0,5.06,3.61,34,True,3
tvr_procthor_procthor_04114_easy_t01_s01_v2,v2,procthor_procthor_04114_easy_t01_s01,procthor,procthor-easy,procthor:4114,24,58,4,GarbageCan;Sink;SinkBasin;Toilet,0.02,0.0,4.37,2.14,34,True,3
tvr_procthor_procthor_07504_easy_t04_s00_v2,v2,procthor_procthor_07504_easy_t04_s00,procthor,procthor-easy,procthor:7504,24,58,7,Book;DiningTable;Doorframe;Fridge;GarbageBag;TVStand;Television,0.02,0.0,4.91,1.06,35,True,3
tvr_procthor_procthor_09639_easy_t06_s00_v2,v2,procthor_procthor_09639_easy_t06_s00,procthor,procthor-easy,procthor:9639,24,58,6,Bowl;Bread;CounterTop;Fridge;Pan;Stool,0.0,0.0,4.26,1.25,32,True,3
tvr_procthor_procthor_05193_easy_t01_s00_v2,v2,procthor_procthor_05193_easy_t01_s00,procthor,procthor-easy,procthor:5193,25,60,5,Bed;Box;Pillow;Shelf;ShelvingUnit,0.02,0.0,2.51,1.35,45,True,3
tvr_procthor_procthor_03890_easy_t09_s00_v2,v2,procthor_procthor_03890_easy_t09_s00,procthor,procthor-easy,procthor:3890,26,62,3,Drawer;Dresser;Vase,0.06,0.0,4.72,1.8,35,True,3
tvr_procthor_procthor_05393_easy_t07_s01_v2,v2,procthor_procthor_05393_easy_t07_s01,procthor,procthor-easy,procthor:5393,26,62,8,Bed;Book;Box;Drawer;Dresser;Laptop;Pillow;Vase,0.02,0.0,2.85,2.5,44,True,3
tvr_procthor_procthor_09848_easy_t00_s00_v2,v2,procthor_procthor_09848_easy_t00_s00,procthor,procthor-easy,procthor:9848,26,62,8,Bed;Book;Dresser;Safe;Shelf;TVStand;TeddyBear;Television,0.0,0.0,2.47,2.51,46,True,3
tvr_procthor_procthor_07302_easy_t06_s01_v2,v2,procthor_procthor_07302_easy_t06_s01,procthor,procthor-easy,procthor:7302,28,66,5,Chair;CoffeeMachine;CounterTop;DiningTable;Doorframe,0.12,0.0,4.24,3.0,45,True,3
tvr_procthor_procthor_06036_easy_t08_s00_v2,v2,procthor_procthor_06036_easy_t08_s00,procthor,procthor-easy,procthor:6036,29,68,4,CoffeeMachine;CounterTop;Pan;Toaster,0.04,0.0,5.37,2.02,40,True,3
tvr_procthor_procthor_05041_easy_t01_s01_v2,v2,procthor_procthor_05041_easy_t01_s01,procthor,procthor-easy,procthor:5041,30,70,4,DiningTable;Doorframe;GarbageBag;Safe,0.0,0.0,5.1,3.05,48,True,3
tvr_procthor_procthor_01881_easy_t09_s01_v2,v2,procthor_procthor_01881_easy_t09_s01,procthor,procthor-easy,procthor:1881,33,76,8,CounterTop;Doorframe;Fridge;Pot;Shelf;ShelvingUnit;Toaster;Vase,0.04,0.0,5.84,3.09,48,True,3
tvr_procthor_procthor_06197_easy_t05_s00_v2,v2,procthor_procthor_06197_easy_t05_s00,procthor,procthor-easy,procthor:6197,33,76,6,CounterTop;DiningTable;Fridge;Shelf;Sofa;Television,0.02,0.0,5.27,5.76,44,True,3
tvr_procthor_procthor_06036_easy_t05_s00_v2,v2,procthor_procthor_06036_easy_t05_s00,procthor,procthor-easy,procthor:6036,34,78,5,CoffeeMachine;CounterTop;Pan;Toaster;Tomato,0.04,0.0,6.1,3.64,46,True,3
tvr_procthor_procthor_07302_easy_t09_s00_v2,v2,procthor_procthor_07302_easy_t09_s00,procthor,procthor-easy,procthor:7302,34,78,6,DeskLamp;DiningTable;Drawer;Newspaper;SideTable;Sofa,0.0,0.0,6.1,3.04,39,True,3
tvr_procthor_procthor_06036_easy_t06_s00_v2,v2,procthor_procthor_06036_easy_t06_s00,procthor,procthor-easy,procthor:6036,35,80,4,Drawer;Fridge;SideTable;Television,0.0,0.0,5.01,5.62,51,True,3
tvr_procthor_procthor_09160_easy_t04_s01_v2,v2,procthor_procthor_09160_easy_t04_s01,procthor,procthor-easy,procthor:9160,37,84,5,Chair;DiningTable;Fridge;Shelf;ShelvingUnit,0.0,0.0,6.56,6.49,52,True,3
tvr_procthor_procthor_09160_easy_t00_s00_v2,v2,procthor_procthor_09160_easy_t00_s00,procthor,procthor-easy,procthor:9160,46,102,5,Chair;DiningTable;Fridge;Shelf;ShelvingUnit,0.0,0.0,8.32,5.86,61,True,3
tvr_procthor_procthor_08118_easy_t09_s01_v2,v2,procthor_procthor_08118_easy_t09_s01,procthor,procthor-easy,procthor:8118,49,108,6,Bread;CounterTop;DiningTable;Fridge;PepperShaker;Plate,0.0,0.0,5.27,5.94,72,True,3
tvr_procthor_procthor_06036_easy_t06_s01_v2,v2,procthor_procthor_06036_easy_t06_s01,procthor,procthor-easy,procthor:6036,51,112,5,Bed;CounterTop;Drawer;Dresser;SideTable,0.0,0.0,6.75,8.7,71,True,3
tvr_procthor_procthor_09848_easy_t01_s00_v2,v2,procthor_procthor_09848_easy_t01_s00,procthor,procthor-easy,procthor:9848,51,112,8,Bed;Book;Dresser;Safe;Shelf;TVStand;TeddyBear;Television,0.0,0.0,4.59,2.69,82,True,3
tvr_procthor_procthor_05193_easy_t05_s01_v2,v2,procthor_procthor_05193_easy_t05_s01,procthor,procthor-easy,procthor:5193,62,134,7,DeskLamp;Drawer;Dresser;Shelf;ShelvingUnit;Statue;Television,0.0,0.0,7.08,8.08,91,True,3
tvr_procthor_procthor_03829_hard_t17_s01_retarget,retarget,procthor_procthor_03829_hard_t17_s01,procthor,procthor-hard,procthor:3829,4,40,4,Bed;Drawer;Dresser;Pillow,0.1,0.0,1.0,,9,True,4
tvr_procthor_procthor_01873_hard_t11_s01_v2,v2,procthor_procthor_01873_hard_t11_s01,procthor,procthor-hard,procthor:1873,6,40,5,Cabinet;Chair;DiningTable;Drawer;Dresser,0.04,0.0,1.5,3.72,12,True,4
tvr_procthor_procthor_01873_hard_t12_s01_retarget,retarget,procthor_procthor_01873_hard_t12_s01,procthor,procthor-hard,procthor:1873,6,40,5,BasketBall;Bed;DiningTable;Safe;Statue,0.04,0.0,1.06,,14,True,4
tvr_procthor_procthor_02586_hard_t10_s01_retarget,retarget,procthor_procthor_02586_hard_t10_s01,procthor,procthor-hard,procthor:2586,6,40,7,Bed;Drawer;Dresser;HousePlant;LaundryHamper;Pillow;TissueBox,0.04,0.0,1.5,,7,True,4
tvr_procthor_procthor_06036_hard_t18_s00_v2,v2,procthor_procthor_06036_hard_t18_s00,procthor,procthor-hard,procthor:6036,6,40,4,ArmChair;Drawer;Dresser;SideTable,0.08,0.0,1.27,4.16,14,True,4
tvr_procthor_procthor_09286_hard_t12_s01_retarget,retarget,procthor_procthor_09286_hard_t12_s01,procthor,procthor-hard,procthor:9286,6,40,7,DeskLamp;DiningTable;Doorframe;Shelf;Sofa;TVStand;Television,0.08,0.0,1.5,,10,True,4
tvr_procthor_procthor_09851_hard_t10_s01_retarget,retarget,procthor_procthor_09851_hard_t10_s01,procthor,procthor-hard,procthor:9851,6,40,8,DiningTable;Doorframe;FloorLamp;Fridge;Shelf;ShelvingUnit;Television;Vase,0.06,0.0,1.27,,13,True,4
tvr_procthor_procthor_03405_hard_t11_s00_retarget,retarget,procthor_procthor_03405_hard_t11_s00,procthor,procthor-hard,procthor:3405,7,40,6,Bed;Desk;Dresser;GarbageCan;Laptop;Sink,0.02,0.0,1.35,,15,True,4
tvr_procthor_procthor_09639_hard_t17_s01_retarget,retarget,procthor_procthor_09639_hard_t17_s01,procthor,procthor-hard,procthor:9639,7,40,6,Bowl;CounterTop;FloorLamp;Fridge;GarbageCan;Stool,0.02,0.0,1.25,,15,True,4
tvr_procthor_procthor_03257_hard_t18_s00_retarget,retarget,procthor_procthor_03257_hard_t18_s00,procthor,procthor-hard,procthor:3257,8,40,6,DiningTable;Doorframe;Drawer;FloorLamp;SideTable;Sofa,0.0,0.0,1.58,,20,True,4
tvr_procthor_procthor_03257_hard_t19_s01_v2,v2,procthor_procthor_03257_hard_t19_s01,procthor,procthor-hard,procthor:3257,8,40,6,CoffeeMachine;CounterTop;Fridge;GarbageCan;SideTable;Television,0.02,0.0,1.46,4.45,15,True,4
tvr_procthor_procthor_03569_hard_t19_s01_retarget,retarget,procthor_procthor_03569_hard_t19_s01,procthor,procthor-hard,procthor:3569,8,40,5,Box;Chair;GarbageCan;Sofa;Television,0.02,0.0,1.58,,13,True,4
tvr_procthor_procthor_04114_hard_t18_s00_retarget,retarget,procthor_procthor_04114_hard_t18_s00,procthor,procthor-hard,procthor:4114,8,40,7,BaseballBat;Bed;Box;Drawer;Dresser;GarbageCan;Pillow,0.0,0.0,1.27,,18,True,4
tvr_procthor_procthor_01873_hard_t14_s00_v2,v2,procthor_procthor_01873_hard_t14_s00,procthor,procthor-hard,procthor:1873,9,40,7,BasketBall;Bed;Book;Bowl;Chair;DiningTable;Statue,0.02,0.0,1.82,4.07,19,True,4
tvr_procthor_procthor_02586_hard_t19_s00_retarget,retarget,procthor_procthor_02586_hard_t19_s00,procthor,procthor-hard,procthor:2586,9,40,6,Bed;DogBed;Drawer;Dresser;LaundryHamper;Sink,0.02,0.0,1.6,,24,True,4
tvr_procthor_procthor_05041_hard_t13_s00_v2,v2,procthor_procthor_05041_hard_t13_s00,procthor,procthor-hard,procthor:5041,9,40,3,CoffeeTable;DiningTable;Doorframe,0.0,0.0,2.02,1.6,15,True,4
tvr_procthor_procthor_09639_hard_t17_s00_retarget,retarget,procthor_procthor_09639_hard_t17_s00,procthor,procthor-hard,procthor:9639,9,40,7,Bread;CounterTop;DiningTable;Pan;Plate;Sofa;Television,0.08,0.0,1.82,,16,True,4
tvr_procthor_procthor_09851_hard_t18_s01_retarget,retarget,procthor_procthor_09851_hard_t18_s01,procthor,procthor-hard,procthor:9851,9,40,9,Chair;DiningTable;Doorframe;FloorLamp;Fridge;Shelf;ShelvingUnit;Sofa;Vase,0.0,0.0,1.6,,20,True,4
tvr_procthor_procthor_00449_hard_t14_s00_retarget,retarget,procthor_procthor_00449_hard_t14_s00,procthor,procthor-hard,procthor:449,10,40,6,Bed;Drawer;Dresser;GarbageCan;Pillow;Toilet,0.02,0.0,1.8,,20,True,4
tvr_procthor_procthor_01377_hard_t18_s00_v2,v2,procthor_procthor_01377_hard_t18_s00,procthor,procthor-hard,procthor:1377,10,40,5,Doorframe;Fridge;Laptop;SideTable;Sofa,0.06,0.0,1.9,1.75,19,True,4
tvr_procthor_procthor_02910_hard_t13_s01_v2,v2,procthor_procthor_02910_hard_t13_s01,procthor,procthor-hard,procthor:2910,10,40,3,CounterTop;Kettle;Pot,0.08,0.0,2.06,4.65,15,True,4
tvr_procthor_procthor_02910_hard_t16_s01_v2,v2,procthor_procthor_02910_hard_t16_s01,procthor,procthor-hard,procthor:2910,10,40,3,Cart;SideTable;Statue,0.1,0.0,1.9,4.37,20,True,4
tvr_procthor_procthor_04435_hard_t12_s01_v2,v2,procthor_procthor_04435_hard_t12_s01,procthor,procthor-hard,procthor:4435,10,40,4,GarbageCan;LaundryHamper;Toilet;WashingMachine,0.1,0.02,2.06,1.03,15,True,4
tvr_procthor_procthor_07293_hard_t19_s00_v2,v2,procthor_procthor_07293_hard_t19_s00,procthor,procthor-hard,procthor:7293,10,40,7,AlarmClock;BasketBall;Desk;Drawer;Dresser;GarbageCan;Vase,0.02,0.0,1.8,2.25,15,True,4
tvr_procthor_procthor_09160_hard_t16_s01_retarget,retarget,procthor_procthor_09160_hard_t16_s01,procthor,procthor-hard,procthor:9160,10,40,3,Bed;Pillow;Sofa,0.04,0.0,1.46,,20,True,4
tvr_procthor_procthor_09764_hard_t15_s01_retarget,retarget,procthor_procthor_09764_hard_t15_s01,procthor,procthor-hard,procthor:9764,10,40,7,ArmChair;Box;Desk;Drawer;Dresser;FloorLamp;HousePlant,0.0,0.0,1.9,,16,True,4
tvr_procthor_procthor_09848_hard_t17_s01_v2,v2,procthor_procthor_09848_hard_t17_s01,procthor,procthor-hard,procthor:9848,10,40,6,AlarmClock;Bed;Drawer;Dresser;TVStand;Television,0.02,0.0,5.01,5.62,48,True,4
tvr_procthor_procthor_09851_hard_t15_s01_v2,v2,procthor_procthor_09851_hard_t15_s01,procthor,procthor-hard,procthor:9851,10,40,7,Chair;DiningTable;Doorframe;Fridge;HousePlant;Shelf;Sofa,0.04,0.0,3.05,3.91,35,True,4
tvr_procthor_procthor_01881_hard_t10_s00_v2,v2,procthor_procthor_01881_hard_t10_s00,procthor,procthor-hard,procthor:1881,11,40,7,Chair;Doorframe;Pillow;Shelf;Sofa;TVStand;Television,0.0,0.0,1.95,5.01,24,True,4
tvr_procthor_procthor_08101_hard_t19_s01_v2,v2,procthor_procthor_08101_hard_t19_s01,procthor,procthor-hard,procthor:8101,11,40,7,Chair;DeskLamp;DiningTable;GarbageCan;HousePlant;TVStand;Television,0.0,0.0,2.3,2.06,25,True,4
tvr_procthor_procthor_02931_hard_t16_s00_retarget,retarget,procthor_procthor_02931_hard_t16_s00,procthor,procthor-hard,procthor:2931,12,40,6,CoffeeMachine;CounterTop;Doorframe;Fridge;HousePlant;Safe,0.0,0.0,2.24,,21,True,4
tvr_procthor_procthor_03405_hard_t10_s00_v2,v2,procthor_procthor_03405_hard_t10_s00,procthor,procthor-hard,procthor:3405,12,40,6,Bed;Desk;Drawer;Dresser;GarbageCan;Pillow,0.0,0.0,2.76,1.77,22,True,4
tvr_procthor_procthor_03890_hard_t17_s01_v2,v2,procthor_procthor_03890_hard_t17_s01,procthor,procthor-hard,procthor:3890,12,40,4,Bed;Boots;Drawer;Dresser,0.02,0.02,2.15,4.42,21,True,4
tvr_procthor_procthor_05041_hard_t16_s00_retarget,retarget,procthor_procthor_05041_hard_t16_s00,procthor,procthor-hard,procthor:5041,12,40,5,DiningTable;Doorframe;Laptop;ShelvingUnit;SideTable,0.0,0.0,2.76,,19,True,4
tvr_procthor_procthor_07415_hard_t19_s01_retarget,retarget,procthor_procthor_07415_hard_t19_s01,procthor,procthor-hard,procthor:7415,12,40,3,Box;DeskLamp;DiningTable,0.04,0.02,2.15,,20,True,4
tvr_procthor_procthor_07541_hard_t14_s00_retarget,retarget,procthor_procthor_07541_hard_t14_s00,procthor,procthor-hard,procthor:7541,12,40,5,CoffeeMachine;CounterTop;Fridge;GarbageBag;HousePlant,0.04,0.0,2.55,,21,True,4
tvr_procthor_procthor_09286_hard_t13_s01_retarget,retarget,procthor_procthor_09286_hard_t13_s01,procthor,procthor-hard,procthor:9286,12,40,8,DeskLamp;DiningTable;Doorframe;GarbageCan;Shelf;Sofa;TVStand;Television,0.02,0.0,2.5,,23,True,4
tvr_procthor_procthor_09639_hard_t11_s00_retarget,retarget,procthor_procthor_09639_hard_t11_s00,procthor,procthor-hard,procthor:9639,12,40,6,Bread;CounterTop;FloorLamp;Fridge;GarbageCan;Pan,0.02,0.0,2.37,,20,True,4
tvr_procthor_procthor_00449_hard_t15_s00_v2,v2,procthor_procthor_00449_hard_t15_s00,procthor,procthor-hard,procthor:449,13,40,6,Bed;Drawer;Dresser;GarbageCan;Pillow;Toilet,0.0,0.0,3.01,1.95,19,True,4
tvr_procthor_procthor_01873_hard_t15_s01_retarget,retarget,procthor_procthor_01873_hard_t15_s01,procthor,procthor-hard,procthor:1873,13,40,8,BasketBall;Bed;Book;Bowl;Chair;DiningTable;Drawer;Statue,0.06,0.0,2.61,,22,True,4
tvr_procthor_procthor_02586_hard_t12_s01_retarget,retarget,procthor_procthor_02586_hard_t12_s01,procthor,procthor-hard,procthor:2586,13,40,6,Bed;DogBed;Drawer;Dresser;LaundryHamper;Sink,0.02,0.0,2.02,,27,True,4
tvr_procthor_procthor_05041_hard_t17_s01_retarget,retarget,procthor_procthor_05041_hard_t17_s01,procthor,procthor-hard,procthor:5041,13,40,5,CounterTop;DiningTable;Doorframe;Shelf;Television,0.0,0.0,2.61,,25,True,4
tvr_procthor_procthor_05393_hard_t17_s00_retarget,retarget,procthor_procthor_05393_hard_t17_s00,procthor,procthor-hard,procthor:5393,13,40,4,Bed;Drawer;Dresser;Vase,0.14,0.02,2.36,,24,True,4
tvr_procthor_procthor_07302_hard_t15_s01_retarget,retarget,procthor_procthor_07302_hard_t15_s01,procthor,procthor-hard,procthor:7302,13,40,5,Chair;CounterTop;DiningTable;Doorframe;Fridge,0.04,0.0,2.51,,24,True,4
tvr_procthor_procthor_09639_hard_t18_s01_retarget,retarget,procthor_procthor_09639_hard_t18_s01,procthor,procthor-hard,procthor:9639,13,40,6,CounterTop;DiningTable;FloorLamp;GarbageCan;Sofa;Television,0.0,0.0,3.01,,21,True,4
tvr_procthor_procthor_01090_hard_t10_s01_v2,v2,procthor_procthor_01090_hard_t10_s01,procthor,procthor-hard,procthor:1090,14,40,5,Doorframe;Fridge;Sofa;Stool;Television,0.0,0.0,2.85,5.64,25,True,4
tvr_procthor_procthor_01377_hard_t19_s00_v2,v2,procthor_procthor_01377_hard_t19_s00,procthor,procthor-hard,procthor:1377,14,40,5,Bowl;Chair;DiningTable;HousePlant;Statue,0.08,0.0,3.04,1.12,21,True,4
tvr_procthor_procthor_01881_hard_t14_s00_v2,v2,procthor_procthor_01881_hard_t14_s00,procthor,procthor-hard,procthor:1881,14,40,7,CounterTop;Doorframe;Fridge;Shelf;ShelvingUnit;Statue;Vase,0.0,0.0,3.26,4.16,26,True,4
tvr_procthor_procthor_05193_hard_t13_s00_retarget,retarget,procthor_procthor_05193_hard_t13_s00,procthor,procthor-hard,procthor:5193,14,40,6,Bed;CounterTop;Fridge;GarbageBag;Mug;Television,0.0,0.0,2.76,,28,True,4
tvr_procthor_procthor_06197_hard_t12_s01_v2,v2,procthor_procthor_06197_hard_t12_s01,procthor,procthor-hard,procthor:6197,14,40,6,CounterTop;DiningTable;Fridge;Shelf;Sofa;Television,0.02,0.0,3.5,1.68,19,True,4
tvr_procthor_procthor_07293_hard_t13_s00_retarget,retarget,procthor_procthor_07293_hard_t13_s00,procthor,procthor-hard,procthor:7293,14,40,9,BasketBall;Bed;Box;Desk;Drawer;Dresser;GarbageCan;Pillow;Vase,0.0,0.0,2.69,,23,True,4
tvr_procthor_procthor_07415_hard_t14_s01_v2,v2,procthor_procthor_07415_hard_t14_s01,procthor,procthor-hard,procthor:7415,14,40,6,Box;Shelf;ShelvingUnit;SideTable;TVStand;Television,0.0,0.0,1.12,1.95,24,True,4
tvr_procthor_procthor_07500_hard_t16_s01_v2,v2,procthor_procthor_07500_hard_t16_s01,procthor,procthor-hard,procthor:7500,14,40,8,Bottle;CounterTop;Doorframe;Fridge;HousePlant;SideTable;TVStand;Television,0.08,0.0,3.5,1.58,20,True,4
tvr_procthor_procthor_09286_hard_t12_s00_retarget,retarget,procthor_procthor_09286_hard_t12_s00,procthor,procthor-hard,procthor:9286,14,40,6,DeskLamp;DiningTable;Doorframe;GarbageCan;Sofa;Television,0.04,0.0,2.69,,22,True,4
tvr_procthor_procthor_09286_hard_t17_s00_v2,v2,procthor_procthor_09286_hard_t17_s00,procthor,procthor-hard,procthor:9286,14,40,7,DeskLamp;DiningTable;Doorframe;Shelf;Sofa;TVStand;Television,0.04,0.0,2.69,2.93,22,True,4
tvr_procthor_procthor_01090_hard_t18_s01_v2,v2,procthor_procthor_01090_hard_t18_s01,procthor,procthor-hard,procthor:1090,15,40,6,Bowl;Bread;CounterTop;Kettle;SoapBottle;WineBottle,0.08,0.0,2.7,5.48,22,True,4
tvr_procthor_procthor_02586_hard_t11_s01_retarget,retarget,procthor_procthor_02586_hard_t11_s01,procthor,procthor-hard,procthor:2586,15,40,6,Bed;Drawer;Dresser;HousePlant;LaundryHamper;Pillow,0.08,0.0,3.09,,28,True,4
tvr_procthor_procthor_04719_hard_t12_s00_retarget,retarget,procthor_procthor_04719_hard_t12_s00,procthor,procthor-hard,procthor:4719,15,40,5,Bed;Dresser;Laptop;Pillow;Television,0.0,0.0,2.66,,20,True,4
tvr_procthor_procthor_06036_hard_t14_s00_retarget,retarget,procthor_procthor_06036_hard_t14_s00,procthor,procthor-hard,procthor:6036,15,40,6,Drawer;Dresser;Mug;SideTable;Television;TissueBox,0.06,0.0,2.66,,21,True,4
tvr_procthor_procthor_07293_hard_t16_s01_retarget,retarget,procthor_procthor_07293_hard_t16_s01,procthor,procthor-hard,procthor:7293,15,40,8,BasketBall;Bed;Desk;Drawer;Dresser;GarbageCan;Pillow;TennisRacket,0.06,0.0,2.66,,28,True,4
tvr_procthor_procthor_07500_hard_t18_s01_v2,v2,procthor_procthor_07500_hard_t18_s01,procthor,procthor-hard,procthor:7500,15,40,7,BaseballBat;Bed;Dresser;Laptop;Sofa;TennisRacket;VacuumCleaner,0.02,0.0,2.8,5.15,27,True,4
tvr_procthor_procthor_09286_hard_t13_s00_retarget,retarget,procthor_procthor_09286_hard_t13_s00,procthor,procthor-hard,procthor:9286,15,40,6,DiningTable;Doorframe;GarbageCan;Sofa;TVStand;Television,0.02,0.0,3.29,,23,True,4
tvr_ithor_FloorPlan228_easy_t06_s00_v2,v2,ithor_FloorPlan228_easy_t06_s00,ithor,ithor-easy,FloorPlan228,9,30,9,Box;Chair;CoffeeTable;FloorLamp;GarbageCan;HousePlant;SideTable;Sofa;Television,0.0,0.0,1.68,1.5,17,True,5
tvr_ithor_FloorPlan228_hard_t13_s00_retarget,retarget,ithor_FloorPlan228_hard_t13_s00,ithor,ithor-hard,FloorPlan228,9,30,8,Box;Chair;CoffeeTable;FloorLamp;Laptop;SideTable;Sofa;Television,0.04,0.0,1.6,,19,True,5
tvr_ithor_FloorPlan228_easy_t04_s00_v2,v2,ithor_FloorPlan228_easy_t04_s00,ithor,ithor-easy,FloorPlan228,13,36,8,Box;Chair;CoffeeTable;FloorLamp;Laptop;SideTable;Sofa;Television,0.04,0.0,2.3,1.52,22,True,5
tvr_procthor_procthor_02586_hard_t11_s00_retarget,retarget,procthor_procthor_02586_hard_t11_s00,procthor,procthor-hard,procthor:2586,16,42,7,Bed;Book;Drawer;Dresser;HousePlant;LaundryHamper;Pillow,0.02,0.0,4.0,,19,True,5
tvr_procthor_procthor_03569_hard_t15_s01_retarget,retarget,procthor_procthor_03569_hard_t15_s01,procthor,procthor-hard,procthor:3569,16,42,8,Chair;CounterTop;Cup;DiningTable;Plate;Sofa;Television;WineBottle,0.04,0.0,3.16,,26,True,5
tvr_procthor_procthor_06616_hard_t10_s00_v2,v2,procthor_procthor_06616_hard_t10_s00,procthor,procthor-hard,procthor:6616,16,42,6,Bed;Drawer;Dresser;GarbageCan;Safe;Television,0.0,0.0,2.24,1.12,26,True,5
tvr_procthor_procthor_07415_hard_t17_s01_retarget,retarget,procthor_procthor_07415_hard_t17_s01,procthor,procthor-hard,procthor:7415,16,42,7,Bowl;CounterTop;Cup;Fridge;GarbageBag;GarbageCan;Stool,0.0,0.0,2.92,,24,True,5
tvr_procthor_procthor_09160_hard_t10_s01_retarget,retarget,procthor_procthor_09160_hard_t10_s01,procthor,procthor-hard,procthor:9160,16,42,3,DiningTable;Laptop;Television,0.04,0.02,3.02,,28,True,5
tvr_procthor_procthor_09286_hard_t16_s01_retarget,retarget,procthor_procthor_09286_hard_t16_s01,procthor,procthor-hard,procthor:9286,16,42,6,CounterTop;Doorframe;GarbageCan;Microwave;Sofa;Toaster,0.02,0.0,2.85,,26,True,5
tvr_procthor_procthor_09851_hard_t19_s01_retarget,retarget,procthor_procthor_09851_hard_t19_s01,procthor,procthor-hard,procthor:9851,16,42,8,DiningTable;FloorLamp;HousePlant;Laptop;Shelf;ShelvingUnit;Statue;Television,0.02,0.0,3.02,,23,True,5
tvr_procthor_procthor_02931_hard_t14_s01_v2,v2,procthor_procthor_02931_hard_t14_s01,procthor,procthor-hard,procthor:2931,17,44,6,Box;DiningTable;Sofa;Statue;TVStand;Television,0.02,0.0,3.01,1.03,24,True,5
tvr_procthor_procthor_07293_hard_t11_s00_v2,v2,procthor_procthor_07293_hard_t11_s00,procthor,procthor-hard,procthor:7293,17,44,3,GarbageCan;Sink;Toilet,0.02,0.02,3.05,2.02,37,True,5
tvr_procthor_procthor_00449_hard_t16_s01_retarget,retarget,procthor_procthor_00449_hard_t16_s01,procthor,procthor-hard,procthor:449,18,46,6,Bed;Box;Drawer;Dresser;Pillow;Toilet,0.02,0.0,3.48,,28,True,5
tvr_procthor_procthor_03890_hard_t19_s00_v2,v2,procthor_procthor_03890_hard_t19_s00,procthor,procthor-hard,procthor:3890,18,46,3,Sink;SinkBasin;Toilet,0.04,0.0,2.24,1.52,24,True,5
tvr_procthor_procthor_04719_hard_t10_s00_v2,v2,procthor_procthor_04719_hard_t10_s00,procthor,procthor-hard,procthor:4719,18,46,5,Bed;Dresser;Laptop;Pillow;Television,0.02,0.0,3.18,1.25,32,True,5
tvr_procthor_procthor_07504_hard_t19_s01_v2,v2,procthor_procthor_07504_hard_t19_s01,procthor,procthor-hard,procthor:7504,18,46,7,Book;DiningTable;Doorframe;Fridge;GarbageBag;TVStand;Television,0.02,0.0,3.35,2.46,26,True,5
tvr_procthor_procthor_09848_hard_t15_s00_v2,v2,procthor_procthor_09848_hard_t15_s00,procthor,procthor-hard,procthor:9848,18,40,6,ArmChair;Dresser;FloorLamp;Shelf;TVStand;Television,0.02,0.0,2.02,2.25,15,True,5
tvr_ithor_FloorPlan228_easy_t02_s00_v2,v2,ithor_FloorPlan228_easy_t02_s00,ithor,ithor-easy,FloorPlan228,19,48,9,Box;Chair;CoffeeTable;FloorLamp;GarbageCan;HousePlant;SideTable;Sofa;Television,0.02,0.0,3.4,2.14,38,True,5
tvr_procthor_procthor_00449_hard_t15_s01_v2,v2,procthor_procthor_00449_hard_t15_s01,procthor,procthor-hard,procthor:449,19,48,6,Bed;Drawer;Dresser;GarbageCan;Pillow;Toilet,0.0,0.0,3.78,1.95,29,True,5
tvr_procthor_procthor_02931_hard_t18_s00_v2,v2,procthor_procthor_02931_hard_t18_s00,procthor,procthor-hard,procthor:2931,19,48,6,Box;CounterTop;DiningTable;Doorframe;Fridge;HousePlant,0.0,0.0,3.58,1.35,38,True,5
tvr_procthor_procthor_04719_hard_t16_s01_retarget,retarget,procthor_procthor_04719_hard_t16_s01,procthor,procthor-hard,procthor:4719,19,48,4,Bed;Drawer;Dresser;HousePlant,0.02,0.0,3.4,,28,True,5
tvr_procthor_procthor_05662_hard_t18_s00_retarget,retarget,procthor_procthor_05662_hard_t18_s00,procthor,procthor-hard,procthor:5662,19,48,5,AlarmClock;Bed;Laptop;Pillow;Television,0.04,0.0,3.88,,34,True,5
tvr_procthor_procthor_06176_hard_t13_s01_retarget,retarget,procthor_procthor_06176_hard_t13_s01,procthor,procthor-hard,procthor:6176,19,48,6,DeskLamp;DiningTable;Drawer;Dresser;HousePlant;Statue,0.14,0.0,3.4,,28,True,5
tvr_procthor_procthor_02910_hard_t14_s00_retarget,retarget,procthor_procthor_02910_hard_t14_s00,procthor,procthor-hard,procthor:2910,20,50,5,Cart;CounterTop;FloorLamp;SideTable;Statue,0.0,0.0,3.54,,39,True,5
tvr_procthor_procthor_04435_hard_t16_s00_v2,v2,procthor_procthor_04435_hard_t16_s00,procthor,procthor-hard,procthor:4435,20,50,7,Bed;Drawer;Dresser;FloorLamp;Laptop;Pillow;Safe,0.0,0.0,3.61,6.09,32,True,5
tvr_procthor_procthor_08118_hard_t15_s00_retarget,retarget,procthor_procthor_08118_hard_t15_s00,procthor,procthor-hard,procthor:8118,20,50,7,Bed;Book;Chair;DiningTable;Fridge;Pot;Stool,0.0,0.0,3.69,,42,True,5
tvr_procthor_procthor_09848_hard_t15_s01_v2,v2,procthor_procthor_09848_hard_t15_s01,procthor,procthor-hard,procthor:9848,20,40,6,ArmChair;Bread;CounterTop;Fridge;Television;Toaster,0.0,0.0,3.04,5.7,22,True,5
tvr_procthor_procthor_03405_hard_t17_s00_v2,v2,procthor_procthor_03405_hard_t17_s00,procthor,procthor-hard,procthor:3405,21,52,3,Drawer;Dresser;Television,0.2,0.08,5.01,1.77,30,True,5
tvr_procthor_procthor_09160_hard_t18_s01_retarget,retarget,procthor_procthor_09160_hard_t18_s01,procthor,procthor-hard,procthor:9160,21,52,6,Bed;Pillow;Shelf;TVStand;Television;TennisRacket,0.02,0.0,5.25,,24,True,5
tvr_procthor_procthor_00449_hard_t19_s00_retarget,retarget,procthor_procthor_00449_hard_t19_s00,procthor,procthor-hard,procthor:449,22,54,7,Bed;Box;Drawer;Dresser;GarbageCan;Pillow;Toilet,0.0,0.0,4.03,,36,True,5
tvr_procthor_procthor_01090_hard_t11_s01_retarget,retarget,procthor_procthor_01090_hard_t11_s01,procthor,procthor-hard,procthor:1090,22,54,5,Doorframe;GarbageBag;Sofa;Stool;Television,0.0,0.0,4.61,,30,True,5
tvr_procthor_procthor_05041_hard_t14_s01_retarget,retarget,procthor_procthor_05041_hard_t14_s01,procthor,procthor-hard,procthor:5041,22,54,4,DiningTable;Doorframe;GarbageBag;Safe,0.02,0.0,4.14,,38,True,5
tvr_procthor_procthor_09851_hard_t10_s00_retarget,retarget,procthor_procthor_09851_hard_t10_s00,procthor,procthor-hard,procthor:9851,22,54,8,Chair;DiningTable;Doorframe;Fridge;HousePlant;Shelf;ShelvingUnit;Television,0.0,0.0,3.95,,32,True,5
tvr_procthor_procthor_09851_hard_t19_s00_retarget,retarget,procthor_procthor_09851_hard_t19_s00,procthor,procthor-hard,procthor:9851,22,54,10,DiningTable;Doorframe;FloorLamp;HousePlant;Laptop;Shelf;ShelvingUnit;SideTable;Television;Vase,0.04,0.0,4.03,,39,True,5
tvr_procthor_procthor_01377_hard_t15_s00_retarget,retarget,procthor_procthor_01377_hard_t15_s00,procthor,procthor-hard,procthor:1377,23,56,5,Chair;DiningTable;Doorframe;Laptop;Sofa,0.0,0.0,4.51,,42,True,5
tvr_procthor_procthor_03257_hard_t12_s01_v2,v2,procthor_procthor_03257_hard_t12_s01,procthor,procthor-hard,procthor:3257,23,56,6,CoffeeMachine;CounterTop;Doorframe;Fridge;SideTable;Television,0.02,0.0,3.88,2.24,40,True,5
tvr_procthor_procthor_03829_hard_t13_s00_retarget,retarget,procthor_procthor_03829_hard_t13_s00,procthor,procthor-hard,procthor:3829,23,56,3,Bed;Box;LaundryHamper,0.02,0.0,2.93,,36,True,5
tvr_procthor_procthor_04435_hard_t10_s00_retarget,retarget,procthor_procthor_04435_hard_t10_s00,procthor,procthor-hard,procthor:4435,23,56,6,ArmChair;GarbageCan;LaundryHamper;Sink;Toilet;WashingMachine,0.06,0.0,4.85,,36,True,5
tvr_ithor_FloorPlan228_hard_t14_s00_retarget,retarget,ithor_FloorPlan228_hard_t14_s00,ithor,ithor-hard,FloorPlan228,24,58,8,Chair;CoffeeTable;DiningTable;FloorLamp;SideTable;Sofa;Television;Vase,0.0,0.0,4.32,,38,True,5
tvr_procthor_procthor_01294_hard_t10_s01_retarget,retarget,procthor_procthor_01294_hard_t10_s01,procthor,procthor-hard,procthor:1294,24,58,5,Bed;DeskLamp;DogBed;Drawer;Dresser,0.1,0.0,2.37,,48,True,5
tvr_procthor_procthor_06197_hard_t10_s01_v2,v2,procthor_procthor_06197_hard_t10_s01,procthor,procthor-hard,procthor:6197,24,58,6,Chair;CounterTop;DiningTable;Fridge;Shelf;Television,0.02,0.0,5.76,1.0,33,True,5
tvr_procthor_procthor_07500_hard_t17_s01_retarget,retarget,procthor_procthor_07500_hard_t17_s01,procthor,procthor-hard,procthor:7500,24,58,8,Bed;Desk;Doorframe;Fridge;GarbageBag;SideTable;TVStand;Television,0.0,0.0,4.5,,42,True,5
tvr_procthor_procthor_07541_hard_t14_s01_retarget,retarget,procthor_procthor_07541_hard_t14_s01,procthor,procthor-hard,procthor:7541,24,58,6,CounterTop;Fridge;Lettuce;Pot;SoapBottle;Toaster,0.04,0.0,4.26,,32,True,5
tvr_procthor_procthor_03569_hard_t19_s00_retarget,retarget,procthor_procthor_03569_hard_t19_s00,procthor,procthor-hard,procthor:3569,25,60,6,Bowl;CounterTop;Cup;Pan;PaperTowelRoll;SoapBottle,0.18,0.0,5.55,,33,True,5
tvr_procthor_procthor_01377_hard_t10_s01_v2,v2,procthor_procthor_01377_hard_t10_s01,procthor,procthor-hard,procthor:1377,26,62,5,Chair;DiningTable;Doorframe;Laptop;Sofa,0.02,0.0,4.72,4.51,40,True,5
tvr_procthor_procthor_03257_hard_t12_s00_v2,v2,procthor_procthor_03257_hard_t12_s00,procthor,procthor-hard,procthor:3257,26,62,6,CoffeeMachine;CounterTop;Doorframe;Fridge;SideTable;Television,0.0,0.0,4.72,2.24,42,True,5
tvr_procthor_procthor_03890_hard_t12_s00_retarget,retarget,procthor_procthor_03890_hard_t12_s00,procthor,procthor-hard,procthor:3890,26,62,4,Dresser;SprayBottle;Toilet;ToiletPaper,0.04,0.0,4.72,,32,True,5
tvr_procthor_procthor_04435_hard_t11_s00_retarget,retarget,procthor_procthor_04435_hard_t11_s00,procthor,procthor-hard,procthor:4435,26,62,6,DishSponge;Faucet;Sink;SinkBasin;Toilet;WashingMachine,0.0,0.0,5.8,,38,True,5
tvr_procthor_procthor_09639_hard_t15_s00_v2,v2,procthor_procthor_09639_hard_t15_s00,procthor,procthor-hard,procthor:9639,26,62,6,CounterTop;DiningTable;FloorLamp;GarbageCan;Sofa;Television,0.0,0.0,4.72,2.61,39,True,5
tvr_procthor_procthor_03569_hard_t16_s00_retarget,retarget,procthor_procthor_03569_hard_t16_s00,procthor,procthor-hard,procthor:3569,27,64,4,DiningTable;Fridge;Newspaper;Sofa,0.0,0.0,4.93,,33,True,5
tvr_procthor_procthor_05193_hard_t17_s00_retarget,retarget,procthor_procthor_05193_hard_t17_s00,procthor,procthor-hard,procthor:5193,27,64,6,CounterTop;FloorLamp;Mug;SoapBottle;Television;Vase,0.02,0.0,5.84,,31,True,5
tvr_procthor_procthor_06176_hard_t11_s01_retarget,retarget,procthor_procthor_06176_hard_t11_s01,procthor,procthor-hard,procthor:6176,27,64,7,Book;DiningTable;Dresser;Fridge;HousePlant;Plate;Statue,0.04,0.02,4.8,,40,True,5
tvr_procthor_procthor_06197_hard_t11_s01_retarget,retarget,procthor_procthor_06197_hard_t11_s01,procthor,procthor-hard,procthor:6197,27,64,7,Chair;CounterTop;DiningTable;GarbageBag;Plate;TVStand;Television,0.02,0.0,4.8,,54,True,5
tvr_procthor_procthor_07500_hard_t15_s00_retarget,retarget,procthor_procthor_07500_hard_t15_s00,procthor,procthor-hard,procthor:7500,27,64,11,BaseballBat;Bed;Bowl;Desk;Dresser;HousePlant;Laptop;TeddyBear;TennisRacket;VacuumCleaner;Vase,0.08,0.0,5.34,,47,True,5
tvr_procthor_procthor_09160_hard_t11_s00_v2,v2,procthor_procthor_09160_hard_t11_s00,procthor,procthor-hard,procthor:9160,27,64,4,Book;Shelf;ShelvingUnit;Statue,0.02,0.0,5.46,8.4,35,True,5
tvr_procthor_procthor_09848_hard_t18_s01_retarget,retarget,procthor_procthor_09848_hard_t18_s01,procthor,procthor-hard,procthor:9848,27,64,8,Bed;Drawer;Dresser;Safe;Shelf;TVStand;TeddyBear;Television,0.0,0.0,4.01,,38,True,5
tvr_procthor_procthor_03890_hard_t14_s00_retarget,retarget,procthor_procthor_03890_hard_t14_s00,procthor,procthor-hard,procthor:3890,28,66,4,Boots;Drawer;Dresser;Vase,0.1,0.0,5.15,,32,True,5
tvr_procthor_procthor_05193_hard_t19_s00_retarget,retarget,procthor_procthor_05193_hard_t19_s00,procthor,procthor-hard,procthor:5193,28,66,8,Bed;CounterTop;DeskLamp;Drawer;Dresser;GarbageBag;Statue;Television,0.0,0.0,5.7,,43,True,5
tvr_procthor_procthor_01881_hard_t16_s00_v2,v2,procthor_procthor_01881_hard_t16_s00,procthor,procthor-hard,procthor:1881,29,68,7,Chair;Doorframe;Pillow;Shelf;Sofa;TVStand;Television,0.0,0.0,5.48,3.55,50,True,5
tvr_procthor_procthor_06616_hard_t19_s00_v2,v2,procthor_procthor_06616_hard_t19_s00,procthor,procthor-hard,procthor:6616,29,68,6,Bed;Book;Desk;Dresser;GarbageCan;Television,0.0,0.0,5.13,7.07,48,True,5
tvr_procthor_procthor_07541_hard_t11_s01_v2,v2,procthor_procthor_07541_hard_t11_s01,procthor,procthor-hard,procthor:7541,30,70,5,CoffeeMachine;CounterTop;Lettuce;Pot;Toaster,0.04,0.0,5.3,4.5,37,True,5
tvr_procthor_procthor_06197_hard_t13_s00_retarget,retarget,procthor_procthor_06197_hard_t13_s00,procthor,procthor-hard,procthor:6197,33,76,4,DiningTable;Sofa;TVStand;Television,0.08,0.0,5.9,,44,True,5
tvr_procthor_procthor_07252_hard_t10_s01_v2,v2,procthor_procthor_07252_hard_t10_s01,procthor,procthor-hard,procthor:7252,35,80,4,AlarmClock;Desk;Television;TissueBox,0.0,0.0,5.51,3.91,53,True,5
tvr_procthor_procthor_05193_hard_t14_s01_retarget,retarget,procthor_procthor_05193_hard_t14_s01,procthor,procthor-hard,procthor:5193,36,82,5,Bed;Box;Dresser;Shelf;ShelvingUnit,0.0,0.0,6.96,,52,True,5
tvr_procthor_procthor_06036_hard_t14_s01_retarget,retarget,procthor_procthor_06036_hard_t14_s01,procthor,procthor-hard,procthor:6036,37,84,5,CoffeeMachine;CounterTop;Pan;Plate;SoapBottle,0.0,0.0,6.56,,51,True,5
tvr_procthor_procthor_06616_hard_t18_s01_retarget,retarget,procthor_procthor_06616_hard_t18_s01,procthor,procthor-hard,procthor:6616,41,92,7,Drawer;Dresser;GarbageCan;HousePlant;Safe;Statue;Television,0.02,0.0,5.55,,68,True,5
tvr_procthor_procthor_05193_hard_t15_s00_retarget,retarget,procthor_procthor_05193_hard_t15_s00,procthor,procthor-hard,procthor:5193,48,106,7,Book;DeskLamp;Drawer;Dresser;Statue;Television;Vase,0.04,0.0,7.46,,72,True,5
tvr_procthor_procthor_05193_hard_t12_s01_retarget,retarget,procthor_procthor_05193_hard_t12_s01,procthor,procthor-hard,procthor:5193,54,118,6,Book;Chair;DiningTable;HousePlant;Laptop;Sofa,0.0,0.0,8.2,,69,True,5
