arm,task_id,scene,wm_success,baseline_success,wm_fail_reason,wm_total_tokens
Qwen3-VL-8B + WM,ai2thor02437,FloorPlan302,0,0,Reached maximum step limit (18 steps),151626
Qwen3-VL-8B + WM,ai2thor02763,FloorPlan22,0,0,Reached maximum step limit (20 steps),184854
Qwen3-VL-8B + WM,ai2thor02436,FloorPlan301,0,0,Reached maximum step limit (20 steps),178798
Qwen3-VL-8B + WM,ai2thor03000,FloorPlan11,0,0,Reached maximum step limit (34 steps),448319
Qwen3-VL-8B + WM,ai2thor03001,FloorPlan11,0,0,Reached maximum step limit (14 steps),106941
Qwen3-VL-8B + WM,ai2thor03004,FloorPlan11,1,0,,11620
Qwen3-VL-8B + WM,ai2thor03002,FloorPlan11,0,0,Reached maximum step limit (34 steps),449472
Qwen3-VL-8B + WM,ai2thor03003,FloorPlan11,0,0,Reached maximum step limit (32 steps),415883
Qwen3-VL-8B + WM,ai2thor03007,FloorPlan12,1,0,,11716
Qwen3-VL-8B + WM,ai2thor03005,FloorPlan12,0,0,Reached maximum step limit (26 steps),298918
Qwen3-VL-8B + WM,ai2thor03008,FloorPlan12,0,0,Reached maximum step limit (20 steps),185153
Qwen3-VL-8B + WM,ai2thor03006,FloorPlan12,0,0,Reached maximum step limit (30 steps),360840
Qwen3-VL-8B + WM,ai2thor03011,FloorPlan13,1,0,,11621
Qwen3-VL-8B + WM,ai2thor03010,FloorPlan13,0,0,Reached maximum step limit (30 steps),359982
Qwen3-VL-8B + WM,ai2thor03012,FloorPlan13,0,0,Reached maximum step limit (30 steps),368714
Qwen3-VL-8B + WM,ai2thor03009,FloorPlan12,0,0,Reached maximum step limit (50 steps),826471
Qwen3-VL-8B + WM,ai2thor03014,FloorPlan13,0,0,Reached maximum step limit (26 steps),304107
Qwen3-VL-8B + WM,ai2thor00000,FloorPlan17,0,0,Reached maximum step limit (26 steps),286657
Qwen3-VL-8B + WM,ai2thor03015,FloorPlan14,0,0,Reached maximum step limit (26 steps),283025
Qwen3-VL-8B + WM,ai2thor03016,FloorPlan14,0,0,Reached maximum step limit (32 steps),405415
Qwen3-VL-8B + WM,ai2thor03017,FloorPlan14,1,0,,44144
Qwen3-VL-8B + WM,ai2thor03018,FloorPlan14,0,0,Reached maximum step limit (20 steps),183626
Qwen3-VL-8B + WM,ai2thor03022,FloorPlan15,1,0,,16872
Qwen3-VL-8B + WM,ai2thor03023,FloorPlan15,0,1,Model claimed DONE but success conditions not met,7182
Qwen3-VL-8B + WM,ai2thor03024,FloorPlan15,0,0,Reached maximum step limit (30 steps),356521
Qwen3-VL-8B + WM,ai2thor03019,FloorPlan14,0,0,Reached maximum step limit (22 steps),215243
Qwen3-VL-8B + WM,ai2thor03025,FloorPlan20,0,0,Reached maximum step limit (30 steps),370096
Qwen3-VL-8B + WM,ai2thor03027,FloorPlan20,0,0,Reached maximum step limit (18 steps),151091
Qwen3-VL-8B + WM,ai2thor03020,FloorPlan15,0,0,Reached maximum step limit (94 steps),1681435
Qwen3-VL-8B + WM,ai2thor03026,FloorPlan20,0,0,Reached maximum step limit (24 steps),253087
Qwen3-VL-8B + WM,ai2thor03021,FloorPlan15,0,0,Reached maximum step limit (68 steps),1186058
Qwen3-VL-8B + WM,ai2thor03028,FloorPlan20,0,0,Reached maximum step limit (34 steps),444615
Qwen3-VL-8B + WM,ai2thor03033,FloorPlan21,0,0,Model determined task cannot be completed or refused to continue,3301
Qwen3-VL-8B + WM,ai2thor03030,FloorPlan21,0,0,Reached maximum step limit (20 steps),190247
Qwen3-VL-8B + WM,ai2thor03031,FloorPlan21,0,0,Reached maximum step limit (24 steps),249043
Qwen3-VL-8B + WM,ai2thor03032,FloorPlan21,0,0,Reached maximum step limit (26 steps),291082
Qwen3-VL-8B + WM,ai2thor03034,FloorPlan21,0,0,Reached maximum step limit (24 steps),243882
Qwen3-VL-8B + WM,ai2thor03029,FloorPlan20,0,0,Reached maximum step limit (46 steps),726954
Qwen3-VL-8B + WM,ai2thor03035,FloorPlan22,0,0,Reached maximum step limit (20 steps),189096
Qwen3-VL-8B + WM,ai2thor03036,FloorPlan22,0,0,Reached maximum step limit (30 steps),356858
Qwen3-VL-8B + WM,ai2thor03037,FloorPlan22,0,0,Reached maximum step limit (22 steps),215363
Qwen3-VL-8B + WM,ai2thor03041,FloorPlan23,0,0,Reached maximum step limit (22 steps),223854
Qwen3-VL-8B + WM,ai2thor03042,FloorPlan23,0,0,Reached maximum step limit (22 steps),216971
Qwen3-VL-8B + WM,ai2thor03040,FloorPlan23,0,0,Reached maximum step limit (34 steps),462198
Qwen3-VL-8B + WM,ai2thor03038,FloorPlan22,0,0,Reached maximum step limit (44 steps),636946
Qwen3-VL-8B + WM,ai2thor03043,FloorPlan23,0,0,Reached maximum step limit (24 steps),247342
Qwen3-VL-8B + WM,ai2thor03045,FloorPlan24,0,0,Model claimed DONE but success conditions not met,11816
Qwen3-VL-8B + WM,ai2thor03050,FloorPlan25,1,0,,35873
Qwen3-VL-8B + WM,ai2thor03046,FloorPlan24,0,0,Reached maximum step limit (22 steps),218454
Qwen3-VL-8B + WM,ai2thor03044,FloorPlan23,0,0,Reached maximum step limit (28 steps),333073
Qwen3-VL-8B + WM,ai2thor03047,FloorPlan24,0,0,Reached maximum step limit (32 steps),407208
Qwen3-VL-8B + WM,ai2thor03049,FloorPlan24,0,0,Reached maximum step limit (26 steps),289198
Qwen3-VL-8B + WM,ai2thor03051,FloorPlan25,0,0,Reached maximum step limit (40 steps),561152
Qwen3-VL-8B + WM,ai2thor03053,FloorPlan25,0,0,Reached maximum step limit (36 steps),481467
Qwen3-VL-8B + WM,ai2thor03052,FloorPlan25,0,0,Reached maximum step limit (30 steps),368674
Qwen3-VL-8B + WM,ai2thor03056,FloorPlan26,0,0,Reached maximum step limit (30 steps),367534
Qwen3-VL-8B + WM,ai2thor03054,FloorPlan25,0,0,Reached maximum step limit (32 steps),414628
Qwen3-VL-8B + WM,ai2thor03057,FloorPlan26,0,0,Reached maximum step limit (40 steps),570359
Qwen3-VL-8B + WM,ai2thor03058,FloorPlan26,0,0,Reached maximum step limit (34 steps),463074
Qwen3-VL-8B + WM,ai2thor03059,FloorPlan26,0,0,Reached maximum step limit (30 steps),394316
Qwen3-VL-8B + WM,ai2thor03060,FloorPlan27,0,0,Reached maximum step limit (32 steps),408226
Qwen3-VL-8B + WM,ai2thor03061,FloorPlan27,0,0,Reached maximum step limit (36 steps),498980
Qwen3-VL-8B + WM,ai2thor03063,FloorPlan27,0,0,Reached maximum step limit (20 steps),185961
Qwen3-VL-8B + WM,ai2thor03065,FloorPlan28,0,0,Reached maximum step limit (20 steps),180830
Qwen3-VL-8B + WM,ai2thor03064,FloorPlan27,0,0,Reached maximum step limit (24 steps),251299
Qwen3-VL-8B + WM,ai2thor03066,FloorPlan28,0,0,Reached maximum step limit (26 steps),284916
Qwen3-VL-8B + WM,ai2thor03069,FloorPlan28,0,0,Reached maximum step limit (16 steps),126648
Qwen3-VL-8B + WM,ai2thor03067,FloorPlan28,0,0,Reached maximum step limit (40 steps),559796
Qwen3-VL-8B + WM,ai2thor03070,FloorPlan29,0,0,Reached maximum step limit (24 steps),249816
Qwen3-VL-8B + WM,ai2thor03068,FloorPlan28,0,0,Reached maximum step limit (40 steps),569954
Qwen3-VL-8B + WM,ai2thor03071,FloorPlan29,0,0,Reached maximum step limit (28 steps),322328
Qwen3-VL-8B + WM,ai2thor03076,FloorPlan30,0,0,Model determined task cannot be completed or refused to continue,3282
Qwen3-VL-8B + WM,ai2thor03072,FloorPlan29,0,0,Reached maximum step limit (34 steps),467615
Qwen3-VL-8B + WM,ai2thor03075,FloorPlan30,0,0,Reached maximum step limit (32 steps),408551
Qwen3-VL-8B + WM,ai2thor03074,FloorPlan29,0,0,Reached maximum step limit (40 steps),578055
Qwen3-VL-8B + WM,ai2thor04000,FloorPlan302,0,0,Model claimed DONE but success conditions not met,11656
Qwen3-VL-8B + WM,ai2thor03073,FloorPlan29,0,0,Reached maximum step limit (50 steps),791563
Qwen3-VL-8B + WM,ai2thor04004,FloorPlan303,0,0,Model claimed DONE but success conditions not met,36291
Qwen3-VL-8B + WM,ai2thor04001,FloorPlan301,0,0,Reached maximum step limit (18 steps),153271
Qwen3-VL-8B + WM,ai2thor03078,FloorPlan30,0,0,Reached maximum step limit (36 steps),489946
Qwen3-VL-8B + WM,ai2thor04008,FloorPlan303,0,0,Model claimed DONE but success conditions not met,16964
Qwen3-VL-8B + WM,ai2thor04006,FloorPlan303,0,0,Reached maximum step limit (26 steps),284424
Qwen3-VL-8B + WM,ai2thor04005,FloorPlan303,0,0,Reached maximum step limit (40 steps),562263
Qwen3-VL-8B + WM,ai2thor04009,FloorPlan303,0,0,Reached maximum step limit (34 steps),457780
Qwen3-VL-8B + WM,ai2thor04035,FloorPlan323,0,0,Reached maximum step limit (36 steps),475440
Qwen3-VL-8B + WM,ai2thor04036,FloorPlan323,0,0,Reached maximum step limit (42 steps),636800
Qwen3-VL-8B + WM,ai2thor04037,FloorPlan323,0,0,Reached maximum step limit (32 steps),417262
Qwen3-VL-8B + WM,ai2thor04039,FloorPlan323,0,0,Reached maximum step limit (14 steps),102265
Qwen3-VL-8B + WM,ai2thor04040,FloorPlan324,0,0,Model claimed DONE but success conditions not met,16899
Qwen3-VL-8B + WM,ai2thor04043,FloorPlan324,0,0,Model claimed DONE but success conditions not met,80327
Qwen3-VL-8B + WM,ai2thor04038,FloorPlan323,0,0,Reached maximum step limit (44 steps),656966
Qwen3-VL-8B + WM,ai2thor04044,FloorPlan324,0,0,Reached maximum step limit (26 steps),305496
Qwen3-VL-8B + WM,ai2thor04042,FloorPlan324,0,0,Reached maximum step limit (38 steps),552623
Qwen3-VL-8B + WM,ai2thor03077,FloorPlan30,0,0,Reached maximum step limit (20 steps),183828
Qwen3-VL-8B + WM,ai2thor04045,FloorPlan210,0,0,Reached maximum step limit (44 steps),680606
Qwen3-VL-8B + WM,ai2thor04046,FloorPlan210,0,0,Reached maximum step limit (38 steps),555857
Qwen3-VL-8B + WM,ai2thor04047,FloorPlan210,0,0,Reached maximum step limit (22 steps),213568
Qwen3-VL-8B + WM,ai2thor04048,FloorPlan210,0,0,Reached maximum step limit (36 steps),509775
Qwen3-VL-8B + WM,ai2thor04050,FloorPlan211,0,0,Reached maximum step limit (18 steps),154508
Qwen3-VL-8B + WM,ai2thor04049,FloorPlan210,0,0,Reached maximum step limit (44 steps),658423
Qwen3-VL-8B + WM,ai2thor04052,FloorPlan211,0,0,Reached maximum step limit (36 steps),506861
Qwen3-VL-8B + WM,ai2thor04051,FloorPlan211,0,0,Reached maximum step limit (32 steps),454198
Qwen3-VL-8B + WM,ai2thor04053,FloorPlan211,0,0,Reached maximum step limit (40 steps),580242
Qwen3-VL-8B + WM,ai2thor04055,FloorPlan212,0,0,Reached maximum step limit (32 steps),402524
Qwen3-VL-8B + WM,ai2thor04054,FloorPlan211,0,0,Reached maximum step limit (44 steps),653286
Qwen3-VL-8B + WM,ai2thor04059,FloorPlan212,0,0,Model claimed DONE but success conditions not met,3330
Qwen3-VL-8B + WM,ai2thor04061,FloorPlan213,0,0,Model claimed DONE but success conditions not met,11609
Qwen3-VL-8B + WM,ai2thor04058,FloorPlan212,0,0,Reached maximum step limit (16 steps),126784
Qwen3-VL-8B + WM,ai2thor04057,FloorPlan212,0,0,Reached maximum step limit (30 steps),366056
Qwen3-VL-8B + WM,ai2thor04063,FloorPlan213,0,0,Model determined task cannot be completed or refused to continue,22883
Qwen3-VL-8B + WM,ai2thor04056,FloorPlan212,0,0,Reached maximum step limit (46 steps),724360
Qwen3-VL-8B + WM,ai2thor04064,FloorPlan213,0,0,Reached maximum step limit (20 steps),182331
Qwen3-VL-8B + WM,ai2thor04065,FloorPlan214,0,0,Reached maximum step limit (16 steps),130403
Qwen3-VL-8B + WM,ai2thor04067,FloorPlan214,0,0,Reached maximum step limit (14 steps),102733
Qwen3-VL-8B + WM,ai2thor04062,FloorPlan213,0,0,Reached maximum step limit (50 steps),782456
Qwen3-VL-8B + WM,ai2thor04069,FloorPlan214,0,0,Reached maximum step limit (38 steps),525424
Qwen3-VL-8B + WM,ai2thor04066,FloorPlan214,0,0,Reached maximum step limit (42 steps),644968
Qwen3-VL-8B + WM,ai2thor04072,FloorPlan215,0,0,Reached maximum step limit (32 steps),412911
Qwen3-VL-8B + WM,ai2thor04068,FloorPlan214,0,0,Reached maximum step limit (44 steps),678776
Qwen3-VL-8B + WM,ai2thor04103,FloorPlan310,0,0,Reached maximum step limit (16 steps),127467
Qwen3-VL-8B + WM,ai2thor04100,FloorPlan303,0,0,Reached maximum step limit (42 steps),630956
Qwen3-VL-8B + WM,ai2thor04101,FloorPlan310,0,0,Reached maximum step limit (44 steps),633077
Qwen3-VL-8B + WM,ai2thor04105,FloorPlan311,0,0,Model determined task cannot be completed or refused to continue,23401
Qwen3-VL-8B + WM,ai2thor04106,FloorPlan311,0,0,Reached maximum step limit (14 steps),102788
Qwen3-VL-8B + WM,ai2thor04073,FloorPlan217,0,0,Reached maximum step limit (78 steps),1444650
Qwen3-VL-8B + WM,ai2thor04104,FloorPlan310,0,0,Reached maximum step limit (52 steps),839181
Qwen3-VL-8B + WM,ai2thor04107,FloorPlan310,0,0,Reached maximum step limit (32 steps),429564
Qwen3-VL-8B + WM,ai2thor04108,FloorPlan311,0,0,Reached maximum step limit (30 steps),357074
Qwen3-VL-8B + WM,ai2thor04109,FloorPlan311,0,0,Reached maximum step limit (20 steps),193682
Qwen3-VL-8B + WM,ai2thor04110,FloorPlan310,0,0,Reached maximum step limit (24 steps),244960
Qwen3-VL-8B + WM,ai2thor04112,FloorPlan303,0,0,Reached maximum step limit (34 steps),455306
Qwen3-VL-8B + WM,ai2thor04114,FloorPlan23,0,0,Reached maximum step limit (32 steps),420989
Qwen3-VL-8B + WM,ai2thor04102,FloorPlan310,0,0,Reached maximum step limit (18 steps),155448
Qwen3-VL-8B + WM,ai2thor04115,FloorPlan323,0,0,Reached maximum step limit (38 steps),535298
Qwen3-VL-8B + WM,ai2thor04117,FloorPlan25,0,0,Reached maximum step limit (26 steps),287292
Qwen3-VL-8B + WM,ai2thor04116,FloorPlan6,0,0,Reached maximum step limit (44 steps),654960
Qwen3-VL-8B + WM,ai2thor04118,FloorPlan213,0,0,Reached maximum step limit (30 steps),364464
Qwen3-VL-8B + WM,ai2thor04221,FloorPlan320,0,0,Reached maximum step limit (22 steps),215367
Qwen3-VL-8B + WM,ai2thor04222,FloorPlan320,1,1,,16826
Qwen3-VL-8B + WM,ai2thor04119,FloorPlan217,0,0,Reached maximum step limit (56 steps),902951
Qwen3-VL-8B + WM,ai2thor04220,FloorPlan320,0,0,Reached maximum step limit (32 steps),406863
Qwen3-VL-8B + WM,ai2thor04223,FloorPlan320,0,0,Step 4 parse failed after 3 retries: Unrecognized action format: ThrowObject,34280
Qwen3-VL-8B + WM,ai2thor04224,FloorPlan320,0,1,Reached maximum step limit (12 steps),78953
Qwen3-VL-8B + WM,ai2thor04120,FloorPlan217,0,0,Reached maximum step limit (56 steps),980977
Qwen3-VL-8B + WM,ai2thor04227,FloorPlan321,0,0,Model claimed DONE but success conditions not met,43683
Qwen3-VL-8B + WM,ai2thor04225,FloorPlan321,0,0,Reached maximum step limit (26 steps),291434
Qwen3-VL-8B + WM,ai2thor04113,FloorPlan3,0,0,Reached maximum step limit (38 steps),548529
Qwen3-VL-8B + WM,ai2thor04226,FloorPlan321,0,0,Reached maximum step limit (34 steps),452608
Qwen3-VL-8B + WM,ai2thor04228,FloorPlan321,0,0,Reached maximum step limit (16 steps),132369
Qwen3-VL-8B + WM,ai2thor04229,FloorPlan321,1,0,,11657
Qwen3-VL-8B + WM,ai2thor04230,FloorPlan322,0,0,Reached maximum step limit (26 steps),286936
Qwen3-VL-8B + WM,ai2thor04232,FloorPlan322,0,0,Reached maximum step limit (26 steps),298421
Qwen3-VL-8B + WM,ai2thor04235,FloorPlan330,0,0,Step 15 parse failed after 3 retries: Unrecognized action format: ThrowObject,171082
Qwen3-VL-8B + WM,ai2thor04234,FloorPlan322,0,0,Reached maximum step limit (34 steps),458889
Qwen3-VL-8B + WM,ai2thor04233,FloorPlan322,0,0,Reached maximum step limit (36 steps),500356
Qwen3-VL-8B + WM,ai2thor04238,FloorPlan330,0,0,Reached maximum step limit (14 steps),101297
Qwen3-VL-8B + WM,ai2thor04241,FloorPlan329,1,0,,28657
Qwen3-VL-8B + WM,ai2thor04236,FloorPlan330,0,0,Reached maximum step limit (26 steps),291652
Qwen3-VL-8B + WM,ai2thor04242,FloorPlan329,1,0,,11820
Qwen3-VL-8B + WM,ai2thor04239,FloorPlan330,0,0,Reached maximum step limit (32 steps),415817
Qwen3-VL-8B + WM,ai2thor04240,FloorPlan330,0,0,Reached maximum step limit (24 steps),251784
Qwen3-VL-8B + WM,ai2thor04500,FloorPlan202,0,0,Reached maximum step limit (22 steps),214639
Qwen3-VL-8B + WM,ai2thor04243,FloorPlan329,0,0,Reached maximum step limit (28 steps),353402
Qwen3-VL-8B + WM,ai2thor04503,FloorPlan329,0,0,Reached maximum step limit (24 steps),248000
Qwen3-VL-8B + WM,ai2thor04502,FloorPlan313,0,0,Reached maximum step limit (32 steps),403924
Qwen3-VL-8B + WM,ai2thor04501,FloorPlan9,0,0,Reached maximum step limit (40 steps),594071
Qwen3-VL-8B + WM,ai2thor05002,FloorPlan302,0,0,Model claimed DONE but success conditions not met,51801
Qwen3-VL-8B + WM,ai2thor04505,FloorPlan422,0,0,Reached maximum step limit (26 steps),299480
Qwen3-VL-8B + WM,ai2thor05003,FloorPlan303,0,0,Reached maximum step limit (22 steps),217992
Qwen3-VL-8B + WM,ai2thor05001,FloorPlan301,0,0,Reached maximum step limit (22 steps),232395
Qwen3-VL-8B + WM,ai2thor05004,FloorPlan303,0,0,Reached maximum step limit (24 steps),250580
Qwen3-VL-8B + WM,ai2thor05008,FloorPlan308,0,0,Model claimed DONE but success conditions not met,156239
Qwen3-VL-8B + WM,ai2thor05005,FloorPlan305,0,0,Reached maximum step limit (30 steps),383296
Qwen3-VL-8B + WM,ai2thor05009,FloorPlan310,0,0,Reached maximum step limit (22 steps),216851
Qwen3-VL-8B + WM,ai2thor05011,FloorPlan311,0,0,Model determined task cannot be completed or refused to continue,11699
Qwen3-VL-8B + WM,ai2thor05010,FloorPlan310,0,0,Reached maximum step limit (20 steps),186567
Qwen3-VL-8B + WM,ai2thor05013,FloorPlan311,0,0,Reached maximum step limit (28 steps),318617
Qwen3-VL-8B + WM,ai2thor05012,FloorPlan311,0,0,Reached maximum step limit (38 steps),531537
Qwen3-VL-8B + WM,ai2thor05014,FloorPlan311,0,0,Reached maximum step limit (34 steps),454247
Qwen3-VL-8B + WM,ai2thor04504,FloorPlan315,0,0,Reached maximum step limit (36 steps),496039
Qwen3-VL-8B + WM,ai2thor05015,FloorPlan311,0,0,Reached maximum step limit (34 steps),449914
Qwen3-VL-8B + WM,ai2thor05017,FloorPlan311,0,0,Model claimed DONE but success conditions not met,36233
Qwen3-VL-8B + WM,ai2thor05016,FloorPlan311,0,0,Reached maximum step limit (32 steps),407709
Qwen3-VL-8B + WM,ai2thor05006,FloorPlan306,0,0,Reached maximum step limit (30 steps),384812
Qwen3-VL-8B + WM,ai2thor05007,FloorPlan307,0,0,Reached maximum step limit (30 steps),373969
Qwen3-VL-8B + WM,ai2thor05025,FloorPlan313,0,0,Reached maximum step limit (26 steps),283162
Qwen3-VL-8B + WM,ai2thor05026,FloorPlan313,0,0,Reached maximum step limit (26 steps),284946
Qwen3-VL-8B + WM,ai2thor05027,FloorPlan313,0,0,Reached maximum step limit (26 steps),280675
Qwen3-VL-8B + WM,ai2thor05021,FloorPlan312,0,0,Reached maximum step limit (24 steps),254313
Qwen3-VL-8B + WM,ai2thor05022,FloorPlan312,0,0,Reached maximum step limit (24 steps),247608
Qwen3-VL-8B + WM,ai2thor05023,FloorPlan312,0,0,Reached maximum step limit (22 steps),215211
Qwen3-VL-8B + WM,ai2thor05024,FloorPlan312,0,0,Reached maximum step limit (26 steps),282196
Qwen3-VL-8B + WM,ai2thor05028,FloorPlan314,0,0,Reached maximum step limit (22 steps),214837
Qwen3-VL-8B + WM,ai2thor05029,FloorPlan314,0,0,Model claimed DONE but success conditions not met,43971
Qwen3-VL-8B + WM,ai2thor05030,FloorPlan314,0,0,Reached maximum step limit (22 steps),217250
Qwen3-VL-8B + WM,ai2thor05031,FloorPlan315,0,0,Reached maximum step limit (32 steps),401769
Qwen3-VL-8B + WM,ai2thor05032,FloorPlan315,0,0,Reached maximum step limit (22 steps),216096
Qwen3-VL-8B + WM,ai2thor05033,FloorPlan315,0,0,Reached maximum step limit (22 steps),212830
Qwen3-VL-8B + WM,ai2thor05034,FloorPlan315,0,0,Reached maximum step limit (24 steps),249714
Qwen3-VL-8B + WM,ai2thor05035,FloorPlan315,0,0,Reached maximum step limit (24 steps),264792
Qwen3-VL-8B + WM,ai2thor05037,FloorPlan315,0,0,Reached maximum step limit (24 steps),247516
Qwen3-VL-8B + WM,ai2thor05041,FloorPlan319,0,0,Reached maximum step limit (18 steps),154854
Qwen3-VL-8B + WM,ai2thor05038,FloorPlan315,0,0,Reached maximum step limit (26 steps),285747
Qwen3-VL-8B + WM,ai2thor05039,FloorPlan315,0,0,Reached maximum step limit (26 steps),283883
Qwen3-VL-8B + WM,ai2thor05043,FloorPlan316,0,0,Reached maximum step limit (18 steps),155485
Qwen3-VL-8B + WM,ai2thor05040,FloorPlan315,0,0,Reached maximum step limit (24 steps),246911
Qwen3-VL-8B + WM,ai2thor05048,FloorPlan319,0,0,Model claimed DONE but success conditions not met,7139
Qwen3-VL-8B + WM,ai2thor05044,FloorPlan316,0,0,Reached maximum step limit (20 steps),182419
Qwen3-VL-8B + WM,ai2thor05049,FloorPlan320,0,0,Reached maximum step limit (12 steps),79796
Qwen3-VL-8B + WM,ai2thor05052,FloorPlan215,0,0,Model claimed DONE but success conditions not met,16784
Qwen3-VL-8B + WM,ai2thor05045,FloorPlan316,0,0,Reached maximum step limit (20 steps),187721
Qwen3-VL-8B + WM,ai2thor05050,FloorPlan318,0,0,Reached maximum step limit (20 steps),186659
Qwen3-VL-8B + WM,ai2thor05051,FloorPlan215,0,0,Reached maximum step limit (20 steps),179305
Qwen3-VL-8B + WM,ai2thor05057,FloorPlan217,0,0,Model claimed DONE but success conditions not met,22820
Qwen3-VL-8B + WM,ai2thor05056,FloorPlan216,0,0,Reached maximum step limit (18 steps),156341
Qwen3-VL-8B + WM,ai2thor05055,FloorPlan217,0,0,Reached maximum step limit (22 steps),217775
Qwen3-VL-8B + WM,ai2thor05058,FloorPlan218,0,0,Reached maximum step limit (32 steps),422202
Qwen3-VL-8B + WM,ai2thor05063,FloorPlan15,0,0,Reached maximum step limit (18 steps),146269
Qwen3-VL-8B + WM,ai2thor05061,FloorPlan220,0,0,Reached maximum step limit (20 steps),188867
Qwen3-VL-8B + WM,ai2thor05060,FloorPlan219,0,0,Reached maximum step limit (28 steps),332828
Qwen3-VL-8B + WM,ai2thor05065,FloorPlan15,0,1,Reached maximum step limit (14 steps),105728
Qwen3-VL-8B + WM,ai2thor05066,FloorPlan15,0,0,Reached maximum step limit (16 steps),124370
Qwen3-VL-8B + WM,ai2thor05068,FloorPlan16,0,0,Reached maximum step limit (16 steps),124050
Qwen3-VL-8B + WM,ai2thor05064,FloorPlan15,0,0,Reached maximum step limit (22 steps),222142
Qwen3-VL-8B + WM,ai2thor05069,FloorPlan16,0,0,Reached maximum step limit (26 steps),297432
Qwen3-VL-8B + WM,ai2thor05072,FloorPlan18,0,0,Reached maximum step limit (22 steps),214417
Qwen3-VL-8B + WM,ai2thor05071,FloorPlan16,0,0,Reached maximum step limit (38 steps),529924
Qwen3-VL-8B + WM,ai2thor05070,FloorPlan16,0,0,Reached maximum step limit (34 steps),472916
Qwen3-VL-8B + WM,ai2thor05073,FloorPlan20,0,0,Reached maximum step limit (18 steps),150932
Qwen3-VL-8B + WM,ai2thor05046,FloorPlan316,0,0,Reached maximum step limit (20 steps),184293
Qwen3-VL-8B + WM,ai2thor05074,FloorPlan17,0,0,Reached maximum step limit (18 steps),154933
Qwen3-VL-8B + WM,ai2thor05075,FloorPlan17,0,0,Reached maximum step limit (20 steps),184580
Qwen3-VL-8B + WM,ai2thor05076,FloorPlan17,0,0,Reached maximum step limit (20 steps),181510
Qwen3-VL-8B + WM,ai2thor05077,FloorPlan17,0,0,Reached maximum step limit (22 steps),213295
Qwen3-VL-8B + WM,ai2thor05079,FloorPlan18,0,0,Reached maximum step limit (20 steps),182391
Qwen3-VL-8B + WM,ai2thor05501,FloorPlan302,0,0,Reached maximum step limit (16 steps),124365
Qwen3-VL-8B + WM,ai2thor05080,FloorPlan20,0,0,Reached maximum step limit (20 steps),182236
Qwen3-VL-8B + WM,ai2thor05508,FloorPlan304,0,0,Model determined task cannot be completed or refused to continue,37135
Qwen3-VL-8B + WM,ai2thor05506,FloorPlan324,0,0,Reached maximum step limit (22 steps),211900
Qwen3-VL-8B + WM,ai2thor05505,FloorPlan326,0,0,Reached maximum step limit (26 steps),288072
Qwen3-VL-8B + WM,ai2thor05509,FloorPlan304,0,0,Reached maximum step limit (22 steps),226678
Qwen3-VL-8B + WM,ai2thor05511,FloorPlan305,0,0,Reached maximum step limit (20 steps),182490
Qwen3-VL-8B + WM,ai2thor05510,FloorPlan305,0,0,Reached maximum step limit (30 steps),361102
Qwen3-VL-8B + WM,ai2thor05512,FloorPlan305,0,0,Reached maximum step limit (26 steps),294031
Qwen3-VL-8B + WM,ai2thor05516,FloorPlan308,0,0,Reached maximum step limit (18 steps),153360
Qwen3-VL-8B + WM,ai2thor05517,FloorPlan308,0,0,Reached maximum step limit (18 steps),153735
Qwen3-VL-8B + WM,ai2thor05078,FloorPlan17,0,0,Reached maximum step limit (20 steps),184384
Qwen3-VL-8B + WM,ai2thor05518,FloorPlan313,0,0,Reached maximum step limit (14 steps),106710
Qwen3-VL-8B + WM,ai2thor05513,FloorPlan306,0,0,Model claimed DONE but success conditions not met,69323
Qwen3-VL-8B + WM,ai2thor05514,FloorPlan307,0,0,Reached maximum step limit (20 steps),182609
Qwen3-VL-8B + WM,ai2thor05515,FloorPlan307,0,0,Reached maximum step limit (20 steps),178797
Qwen3-VL-8B + WM,ai2thor05523,FloorPlan317,0,0,Reached maximum step limit (12 steps),79053
Qwen3-VL-8B + WM,ai2thor05519,FloorPlan314,1,0,,7219
Qwen3-VL-8B + WM,ai2thor05525,FloorPlan318,1,1,,11653
Qwen3-VL-8B + WM,ai2thor05520,FloorPlan315,0,0,Reached maximum step limit (18 steps),153018
Qwen3-VL-8B + WM,ai2thor05526,FloorPlan319,0,0,Reached maximum step limit (22 steps),209860
Qwen3-VL-8B + WM,ai2thor05527,FloorPlan319,0,0,Reached maximum step limit (30 steps),375995
Qwen3-VL-8B + WM,ai2thor05528,FloorPlan219,0,0,Reached maximum step limit (22 steps),210799
Qwen3-VL-8B + WM,ai2thor05529,FloorPlan219,0,0,Model claimed DONE but success conditions not met,125899
Qwen3-VL-8B + WM,ai2thor05530,FloorPlan220,1,1,,11624
Qwen3-VL-8B + WM,ai2thor05531,FloorPlan220,0,0,Reached maximum step limit (26 steps),286734
Qwen3-VL-8B + WM,ai2thor05532,FloorPlan220,0,0,Reached maximum step limit (28 steps),335358
Qwen3-VL-8B + WM,ai2thor05533,FloorPlan220,0,0,Model claimed DONE but success conditions not met,45243
Qwen3-VL-8B + WM,ai2thor05521,FloorPlan315,0,0,Reached maximum step limit (20 steps),183545
Qwen3-VL-8B + WM,ai2thor05535,FloorPlan201,0,0,Reached maximum step limit (20 steps),178746
Qwen3-VL-8B + WM,ai2thor05534,FloorPlan220,0,0,Reached maximum step limit (26 steps),300289
Qwen3-VL-8B + WM,ai2thor05536,FloorPlan201,0,0,Reached maximum step limit (24 steps),246060
Qwen3-VL-8B + WM,ai2thor05538,FloorPlan202,0,0,Reached maximum step limit (22 steps),211975
Qwen3-VL-8B + WM,ai2thor05522,FloorPlan316,0,0,Reached maximum step limit (22 steps),210452
Qwen3-VL-8B + WM,ai2thor05537,FloorPlan201,0,0,Reached maximum step limit (30 steps),379715
Qwen3-VL-8B + WM,ai2thor05540,FloorPlan202,0,0,Model claimed DONE but success conditions not met,22842
Qwen3-VL-8B + WM,ai2thor05542,FloorPlan429,0,0,Step 3 parse failed after 3 retries: Unrecognized action format: ThrowObject,30936
Qwen3-VL-8B + WM,ai2thor05539,FloorPlan202,0,0,Reached maximum step limit (22 steps),213592
Qwen3-VL-8B + WM,ai2thor05546,FloorPlan428,0,0,Model claimed DONE but success conditions not met,16703
Qwen3-VL-8B + WM,ai2thor05541,FloorPlan203,0,0,Reached maximum step limit (32 steps),407476
Qwen3-VL-8B + WM,ai2thor05547,FloorPlan428,0,0,Model claimed DONE but success conditions not met,17146
Qwen3-VL-8B + WM,ai2thor05543,FloorPlan429,0,0,Reached maximum step limit (26 steps),290874
Qwen3-VL-8B + WM,ai2thor05545,FloorPlan429,0,0,Reached maximum step limit (20 steps),184155
Qwen3-VL-8B + WM,ai2thor05549,FloorPlan427,1,0,,7159
Qwen3-VL-8B + WM,ai2thor05548,FloorPlan427,0,0,Reached maximum step limit (20 steps),183675
Qwen3-VL-8B + WM,ai2thor05550,FloorPlan426,0,0,Reached maximum step limit (12 steps),80637
Qwen3-VL-8B + WM,ai2thor05551,FloorPlan425,0,0,Reached maximum step limit (20 steps),180547
Qwen3-VL-8B + WM,ai2thor05554,FloorPlan422,0,0,Reached maximum step limit (12 steps),81173
Qwen3-VL-8B + WM,ai2thor05553,FloorPlan423,0,0,Reached maximum step limit (12 steps),80827
Qwen3-VL-8B + WM,ai2thor05555,FloorPlan402,0,0,Reached maximum step limit (18 steps),151927
Qwen3-VL-8B + WM,ai2thor05556,FloorPlan212,0,0,Reached maximum step limit (12 steps),79109
Qwen3-VL-8B + WM,ai2thor05552,FloorPlan424,0,0,Reached maximum step limit (18 steps),154112
Qwen3-VL-8B + WM,ai2thor05558,FloorPlan212,1,0,,7341
Qwen3-VL-8B + WM,ai2thor05557,FloorPlan212,0,0,Reached maximum step limit (16 steps),126398
Qwen3-VL-8B + WM,ai2thor05559,FloorPlan213,0,0,Reached maximum step limit (22 steps),209148
Qwen3-VL-8B + WM,ai2thor05560,FloorPlan214,0,0,Reached maximum step limit (22 steps),214373
Qwen3-VL-8B + WM,ai2thor05562,FloorPlan205,0,0,Reached maximum step limit (18 steps),152648
Qwen3-VL-8B + WM,ai2thor05563,FloorPlan206,0,0,Model claimed DONE but success conditions not met,22753
Qwen3-VL-8B + WM,ai2thor05524,FloorPlan316,0,0,Reached maximum step limit (20 steps),180894
Qwen3-VL-8B + WM,ai2thor05561,FloorPlan215,0,0,Reached maximum step limit (32 steps),422142
Qwen3-VL-8B + WM,ai2thor05564,FloorPlan208,0,0,Reached maximum step limit (24 steps),259622
Qwen3-VL-8B + WM,ai2thor05567,FloorPlan218,0,0,Reached maximum step limit (16 steps),128470
Qwen3-VL-8B + WM,ai2thor05568,FloorPlan401,0,0,Reached maximum step limit (18 steps),150911
Qwen3-VL-8B + WM,ai2thor05566,FloorPlan218,0,0,Reached maximum step limit (34 steps),447112
Qwen3-VL-8B + WM,ai2thor05565,FloorPlan218,0,0,Reached maximum step limit (40 steps),576736
Qwen3-VL-8B + WM,ai2thor05573,FloorPlan409,0,0,Step 1 parse failed after 3 retries: Unrecognized action format: ThrowObject,14928
Qwen3-VL-8B + WM,ai2thor05571,FloorPlan412,0,0,Model claimed DONE but success conditions not met,101165
Qwen3-VL-8B + WM,ai2thor05570,FloorPlan412,0,0,Reached maximum step limit (38 steps),550222
Qwen3-VL-8B + WM,ai2thor05576,FloorPlan418,0,0,Step 4 parse failed after 3 retries: Unrecognized action format: ThrowObject,38139
Qwen3-VL-8B + WM,ai2thor05577,FloorPlan418,0,0,Reached maximum step limit (18 steps),157691
Qwen3-VL-8B + WM,ai2thor05578,FloorPlan418,1,0,,17073
Qwen3-VL-8B + WM,ai2thor05579,FloorPlan415,0,0,Reached maximum step limit (16 steps),127326
Qwen3-VL-8B + WM,ai2thor05575,FloorPlan417,0,0,Reached maximum step limit (28 steps),320556
Qwen3-VL-8B + WM,ai2thor05580,FloorPlan402,0,0,Reached maximum step limit (22 steps),214965
Qwen3-VL-8B + WM,ai2thor05572,FloorPlan430,0,0,Reached maximum step limit (66 steps),1141898
Qwen3-VL-8B + WM,ai2thor06000,FloorPlan301,0,0,Reached maximum step limit (26 steps),283249
Kimi-VL-A3B + WM,ai2thor02763,FloorPlan22,0,0,Model claimed DONE but success conditions not met,18808
Kimi-VL-A3B + WM,ai2thor02437,FloorPlan302,0,0,Model claimed DONE but success conditions not met,16881
Kimi-VL-A3B + WM,ai2thor02436,FloorPlan301,0,0,Model claimed DONE but success conditions not met,36354
Kimi-VL-A3B + WM,ai2thor03000,FloorPlan11,0,0,Model determined task cannot be completed or refused to continue,50267
Kimi-VL-A3B + WM,ai2thor03002,FloorPlan11,0,0,Model claimed DONE but success conditions not met,85278
Kimi-VL-A3B + WM,ai2thor03003,FloorPlan11,0,0,Model claimed DONE but success conditions not met,91502
Kimi-VL-A3B + WM,ai2thor03001,FloorPlan11,0,1,Reached maximum step limit (14 steps),143014
Kimi-VL-A3B + WM,ai2thor03005,FloorPlan12,0,0,Model claimed DONE but success conditions not met,42251
Kimi-VL-A3B + WM,ai2thor03007,FloorPlan12,0,0,Reached maximum step limit (14 steps),125542
Kimi-VL-A3B + WM,ai2thor03008,FloorPlan12,0,0,Model determined task cannot be completed or refused to continue,104956
Kimi-VL-A3B + WM,ai2thor03006,FloorPlan12,0,0,Reached maximum step limit (30 steps),467468
Kimi-VL-A3B + WM,ai2thor03011,FloorPlan13,0,0,Model claimed DONE but success conditions not met,7683
Kimi-VL-A3B + WM,ai2thor03010,FloorPlan13,0,0,Reached maximum step limit (30 steps),512940
Kimi-VL-A3B + WM,ai2thor03004,FloorPlan11,0,0,Reached maximum step limit (14 steps),135336
Kimi-VL-A3B + WM,ai2thor03012,FloorPlan13,0,0,Model determined task cannot be completed or refused to continue,43609
Kimi-VL-A3B + WM,ai2thor03009,FloorPlan12,0,0,Reached maximum step limit (50 steps),1072575
Kimi-VL-A3B + WM,ai2thor03014,FloorPlan13,0,0,Model determined task cannot be completed or refused to continue,109848
Kimi-VL-A3B + WM,ai2thor00000,FloorPlan17,0,0,Model claimed DONE but success conditions not met,42083
Kimi-VL-A3B + WM,ai2thor03015,FloorPlan14,0,0,Model determined task cannot be completed or refused to continue,42727
Kimi-VL-A3B + WM,ai2thor03016,FloorPlan14,0,0,Model claimed DONE but success conditions not met,60706
Kimi-VL-A3B + WM,ai2thor03018,FloorPlan14,0,0,Model claimed DONE but success conditions not met,82552
Kimi-VL-A3B + WM,ai2thor03017,FloorPlan14,0,0,Model claimed DONE but success conditions not met,84425
Kimi-VL-A3B + WM,ai2thor03020,FloorPlan15,0,0,Model claimed DONE but success conditions not met,134240
Kimi-VL-A3B + WM,ai2thor03023,FloorPlan15,0,0,Model claimed DONE but success conditions not met,19171
Kimi-VL-A3B + WM,ai2thor03025,FloorPlan20,0,0,Model claimed DONE but success conditions not met,26314
Kimi-VL-A3B + WM,ai2thor03021,FloorPlan15,0,0,Reached maximum step limit (68 steps),1311286
Kimi-VL-A3B + WM,ai2thor03026,FloorPlan20,0,0,Model claimed DONE but success conditions not met,96760
Kimi-VL-A3B + WM,ai2thor03024,FloorPlan15,0,0,Model claimed DONE but success conditions not met,290755
Kimi-VL-A3B + WM,ai2thor03027,FloorPlan20,0,0,Model claimed DONE but success conditions not met,145044
Kimi-VL-A3B + WM,ai2thor03028,FloorPlan20,0,0,Model claimed DONE but success conditions not met,83229
Kimi-VL-A3B + WM,ai2thor03030,FloorPlan21,0,0,Model claimed DONE but success conditions not met,12974
Kimi-VL-A3B + WM,ai2thor03031,FloorPlan21,0,0,Model claimed DONE but success conditions not met,33730
Kimi-VL-A3B + WM,ai2thor03032,FloorPlan21,0,0,Model claimed DONE but success conditions not met,144299
Kimi-VL-A3B + WM,ai2thor03029,FloorPlan20,0,0,Reached maximum step limit (46 steps),994240
Kimi-VL-A3B + WM,ai2thor03033,FloorPlan21,0,0,Model claimed DONE but success conditions not met,73727
Kimi-VL-A3B + WM,ai2thor03034,FloorPlan21,0,0,Model claimed DONE but success conditions not met,66810
Kimi-VL-A3B + WM,ai2thor03019,FloorPlan14,0,0,Model claimed DONE but success conditions not met,198402
Kimi-VL-A3B + WM,ai2thor03035,FloorPlan22,0,0,Reached maximum step limit (20 steps),225481
Kimi-VL-A3B + WM,ai2thor03037,FloorPlan22,0,0,Model claimed DONE but success conditions not met,12964
Kimi-VL-A3B + WM,ai2thor03036,FloorPlan22,0,0,Reached maximum step limit (30 steps),495556
Kimi-VL-A3B + WM,ai2thor03040,FloorPlan23,0,0,Model determined task cannot be completed or refused to continue,97285
Kimi-VL-A3B + WM,ai2thor03038,FloorPlan22,0,0,Model claimed DONE but success conditions not met,357084
Kimi-VL-A3B + WM,ai2thor03022,FloorPlan15,0,0,Reached maximum step limit (16 steps),243983
Kimi-VL-A3B + WM,ai2thor03042,FloorPlan23,0,0,Model claimed DONE but success conditions not met,12835
Kimi-VL-A3B + WM,ai2thor03041,FloorPlan23,0,0,Reached maximum step limit (22 steps),279455
Kimi-VL-A3B + WM,ai2thor03043,FloorPlan23,0,0,Model claimed DONE but success conditions not met,180463
Kimi-VL-A3B + WM,ai2thor03044,FloorPlan23,0,0,Model claimed DONE but success conditions not met,41473
Kimi-VL-A3B + WM,ai2thor03045,FloorPlan24,0,0,Model claimed DONE but success conditions not met,50876
Kimi-VL-A3B + WM,ai2thor03046,FloorPlan24,0,0,Model claimed DONE but success conditions not met,177085
Kimi-VL-A3B + WM,ai2thor03047,FloorPlan24,0,0,Model determined task cannot be completed or refused to continue,43115
Kimi-VL-A3B + WM,ai2thor03050,FloorPlan25,0,0,Model claimed DONE but success conditions not met,13668
Kimi-VL-A3B + WM,ai2thor03049,FloorPlan24,0,0,Model claimed DONE but success conditions not met,269260
Kimi-VL-A3B + WM,ai2thor03051,FloorPlan25,0,0,Reached maximum step limit (40 steps),668255
Kimi-VL-A3B + WM,ai2thor03056,FloorPlan26,0,0,Model determined task cannot be completed or refused to continue,98458
Kimi-VL-A3B + WM,ai2thor03054,FloorPlan25,0,0,Reached maximum step limit (32 steps),545530
Kimi-VL-A3B + WM,ai2thor03057,FloorPlan26,0,0,Reached maximum step limit (40 steps),730396
Kimi-VL-A3B + WM,ai2thor03052,FloorPlan25,0,0,Reached maximum step limit (30 steps),514381
Kimi-VL-A3B + WM,ai2thor03058,FloorPlan26,0,0,Model claimed DONE but success conditions not met,194104
Kimi-VL-A3B + WM,ai2thor03053,FloorPlan25,0,0,Model claimed DONE but success conditions not met,96317
Kimi-VL-A3B + WM,ai2thor03060,FloorPlan27,0,0,Model claimed DONE but success conditions not met,53205
Kimi-VL-A3B + WM,ai2thor03061,FloorPlan27,0,0,Model claimed DONE but success conditions not met,51102
Kimi-VL-A3B + WM,ai2thor03059,FloorPlan26,0,0,Model claimed DONE but success conditions not met,87468
Kimi-VL-A3B + WM,ai2thor03064,FloorPlan27,0,0,Model claimed DONE but success conditions not met,22778
Kimi-VL-A3B + WM,ai2thor03065,FloorPlan28,0,0,Model claimed DONE but success conditions not met,35102
Kimi-VL-A3B + WM,ai2thor03063,FloorPlan27,0,0,Reached maximum step limit (20 steps),237669
Kimi-VL-A3B + WM,ai2thor03066,FloorPlan28,0,0,Model determined task cannot be completed or refused to continue,42924
Kimi-VL-A3B + WM,ai2thor03069,FloorPlan28,0,0,Reached maximum step limit (16 steps),158490
Kimi-VL-A3B + WM,ai2thor03071,FloorPlan29,0,0,Model claimed DONE but success conditions not met,62559
Kimi-VL-A3B + WM,ai2thor03068,FloorPlan28,0,0,Model claimed DONE but success conditions not met,483522
Kimi-VL-A3B + WM,ai2thor03067,FloorPlan28,0,0,Model claimed DONE but success conditions not met,159200
Kimi-VL-A3B + WM,ai2thor03072,FloorPlan29,0,0,Model determined task cannot be completed or refused to continue,25344
Kimi-VL-A3B + WM,ai2thor03070,FloorPlan29,0,0,Reached maximum step limit (24 steps),315357
Kimi-VL-A3B + WM,ai2thor03073,FloorPlan29,0,0,Model claimed DONE but success conditions not met,140070
Kimi-VL-A3B + WM,ai2thor03076,FloorPlan30,0,0,Model claimed DONE but success conditions not met,198420
Kimi-VL-A3B + WM,ai2thor03074,FloorPlan29,0,0,Model determined task cannot be completed or refused to continue,51977
Kimi-VL-A3B + WM,ai2thor04000,FloorPlan302,0,0,Model claimed DONE but success conditions not met,12961
Kimi-VL-A3B + WM,ai2thor03075,FloorPlan30,0,0,Model determined task cannot be completed or refused to continue,300684
Kimi-VL-A3B + WM,ai2thor03078,FloorPlan30,0,0,Model claimed DONE but success conditions not met,62923
Kimi-VL-A3B + WM,ai2thor04001,FloorPlan301,0,0,Reached maximum step limit (18 steps),189380
Kimi-VL-A3B + WM,ai2thor04006,FloorPlan303,0,0,Model claimed DONE but success conditions not met,99257
Kimi-VL-A3B + WM,ai2thor04005,FloorPlan303,0,0,Model claimed DONE but success conditions not met,51848
Kimi-VL-A3B + WM,ai2thor04004,FloorPlan303,0,0,Model claimed DONE but success conditions not met,262367
Kimi-VL-A3B + WM,ai2thor04009,FloorPlan303,0,0,Model claimed DONE but success conditions not met,53769
Kimi-VL-A3B + WM,ai2thor04008,FloorPlan303,0,0,Model claimed DONE but success conditions not met,219966
Kimi-VL-A3B + WM,ai2thor04036,FloorPlan323,0,0,Model claimed DONE but success conditions not met,560265
Kimi-VL-A3B + WM,ai2thor04037,FloorPlan323,0,0,Model claimed DONE but success conditions not met,295526
Kimi-VL-A3B + WM,ai2thor04035,FloorPlan323,0,0,Reached maximum step limit (36 steps),680381
Kimi-VL-A3B + WM,ai2thor04038,FloorPlan323,0,0,Model determined task cannot be completed or refused to continue,77086
Kimi-VL-A3B + WM,ai2thor04040,FloorPlan324,0,0,Model determined task cannot be completed or refused to continue,19285
Kimi-VL-A3B + WM,ai2thor04043,FloorPlan324,0,0,Model claimed DONE but success conditions not met,58343
Kimi-VL-A3B + WM,ai2thor04044,FloorPlan324,0,0,Model claimed DONE but success conditions not met,115566
Kimi-VL-A3B + WM,ai2thor04045,FloorPlan210,0,0,Model claimed DONE but success conditions not met,188864
Kimi-VL-A3B + WM,ai2thor04042,FloorPlan324,0,0,Reached maximum step limit (38 steps),736044
Kimi-VL-A3B + WM,ai2thor04039,FloorPlan323,0,0,Reached maximum step limit (14 steps),169111
Kimi-VL-A3B + WM,ai2thor04046,FloorPlan210,0,0,Model determined task cannot be completed or refused to continue,43419
Kimi-VL-A3B + WM,ai2thor04047,FloorPlan210,0,0,Model claimed DONE but success conditions not met,19619
Kimi-VL-A3B + WM,ai2thor04048,FloorPlan210,0,0,Model claimed DONE but success conditions not met,111025
Kimi-VL-A3B + WM,ai2thor04050,FloorPlan211,0,0,Step 8 parse failed after 3 retries: Unknown action: ActionName,95144
Kimi-VL-A3B + WM,ai2thor04052,FloorPlan211,0,0,Model claimed DONE but success conditions not met,51419
Kimi-VL-A3B + WM,ai2thor04051,FloorPlan211,0,0,Model claimed DONE but success conditions not met,13079
Kimi-VL-A3B + WM,ai2thor04049,FloorPlan210,0,0,Model claimed DONE but success conditions not met,520135
Kimi-VL-A3B + WM,ai2thor04055,FloorPlan212,0,0,Model claimed DONE but success conditions not met,29692
Kimi-VL-A3B + WM,ai2thor04056,FloorPlan212,0,0,Model claimed DONE but success conditions not met,7760
Kimi-VL-A3B + WM,ai2thor04053,FloorPlan211,0,0,Model claimed DONE but success conditions not met,627006
Kimi-VL-A3B + WM,ai2thor04058,FloorPlan212,0,0,Model claimed DONE but success conditions not met,13150
Kimi-VL-A3B + WM,ai2thor04054,FloorPlan211,0,0,Reached maximum step limit (44 steps),857390
Kimi-VL-A3B + WM,ai2thor04057,FloorPlan212,0,0,Model claimed DONE but success conditions not met,42615
Kimi-VL-A3B + WM,ai2thor03077,FloorPlan30,0,0,Model claimed DONE but success conditions not met,82788
Kimi-VL-A3B + WM,ai2thor04062,FloorPlan213,0,0,Model claimed DONE but success conditions not met,87829
Kimi-VL-A3B + WM,ai2thor04061,FloorPlan213,0,0,Model claimed DONE but success conditions not met,150233
Kimi-VL-A3B + WM,ai2thor04064,FloorPlan213,0,0,Step 1 parse failed after 3 retries: Unknown action: TurnOffObject,16657
Kimi-VL-A3B + WM,ai2thor04059,FloorPlan212,0,0,Model claimed DONE but success conditions not met,504505
Kimi-VL-A3B + WM,ai2thor04065,FloorPlan214,0,0,Model claimed DONE but success conditions not met,72732
Kimi-VL-A3B + WM,ai2thor04063,FloorPlan213,0,0,Model claimed DONE but success conditions not met,169982
Kimi-VL-A3B + WM,ai2thor04067,FloorPlan214,0,0,Reached maximum step limit (14 steps),136725
Kimi-VL-A3B + WM,ai2thor04066,FloorPlan214,0,0,Model determined task cannot be completed or refused to continue,21788
Kimi-VL-A3B + WM,ai2thor04100,FloorPlan303,0,0,Model claimed DONE but success conditions not met,61162
Kimi-VL-A3B + WM,ai2thor04073,FloorPlan217,0,0,Model determined task cannot be completed or refused to continue,42580
Kimi-VL-A3B + WM,ai2thor04072,FloorPlan215,0,0,Model claimed DONE but success conditions not met,349873
Kimi-VL-A3B + WM,ai2thor04102,FloorPlan310,0,0,Model claimed DONE but success conditions not met,101452
Kimi-VL-A3B + WM,ai2thor04103,FloorPlan310,0,0,Model determined task cannot be completed or refused to continue,13049
Kimi-VL-A3B + WM,ai2thor04101,FloorPlan310,0,0,Model claimed DONE but success conditions not met,19000
Kimi-VL-A3B + WM,ai2thor04104,FloorPlan310,0,0,Model determined task cannot be completed or refused to continue,204229
Kimi-VL-A3B + WM,ai2thor04105,FloorPlan311,0,0,Model claimed DONE but success conditions not met,26987
Kimi-VL-A3B + WM,ai2thor04106,FloorPlan311,0,0,Model claimed DONE but success conditions not met,118751
Kimi-VL-A3B + WM,ai2thor04107,FloorPlan310,0,0,Model determined task cannot be completed or refused to continue,112126
Kimi-VL-A3B + WM,ai2thor04109,FloorPlan311,0,0,Model claimed DONE but success conditions not met,39231
Kimi-VL-A3B + WM,ai2thor04108,FloorPlan311,0,0,Model claimed DONE but success conditions not met,42479
Kimi-VL-A3B + WM,ai2thor04110,FloorPlan310,0,0,Model determined task cannot be completed or refused to continue,70421
Kimi-VL-A3B + WM,ai2thor04112,FloorPlan303,0,0,Model determined task cannot be completed or refused to continue,253077
Kimi-VL-A3B + WM,ai2thor04114,FloorPlan23,0,0,Model claimed DONE but success conditions not met,210153
Kimi-VL-A3B + WM,ai2thor04115,FloorPlan323,0,0,Model determined task cannot be completed or refused to continue,75014
Kimi-VL-A3B + WM,ai2thor04117,FloorPlan25,0,0,Model claimed DONE but success conditions not met,74592
Kimi-VL-A3B + WM,ai2thor04116,FloorPlan6,0,0,Model determined task cannot be completed or refused to continue,121535
Kimi-VL-A3B + WM,ai2thor04118,FloorPlan213,0,0,Model claimed DONE but success conditions not met,84643
Kimi-VL-A3B + WM,ai2thor04119,FloorPlan217,0,0,Model claimed DONE but success conditions not met,202154
Kimi-VL-A3B + WM,ai2thor04120,FloorPlan217,0,0,Model determined task cannot be completed or refused to continue,110670
Kimi-VL-A3B + WM,ai2thor04221,FloorPlan320,0,0,Model claimed DONE but success conditions not met,38463
Kimi-VL-A3B + WM,ai2thor04222,FloorPlan320,0,0,Step 0 parse failed after 3 retries: Unknown action: ActionName,10683
Kimi-VL-A3B + WM,ai2thor04220,FloorPlan320,0,0,Model claimed DONE but success conditions not met,72278
Kimi-VL-A3B + WM,ai2thor04223,FloorPlan320,0,0,Reached maximum step limit (50 steps),1031294
Kimi-VL-A3B + WM,ai2thor04224,FloorPlan320,1,1,,7772
Kimi-VL-A3B + WM,ai2thor04226,FloorPlan321,0,0,Model determined task cannot be completed or refused to continue,26431
Kimi-VL-A3B + WM,ai2thor04225,FloorPlan321,0,0,Model determined task cannot be completed or refused to continue,160988
Kimi-VL-A3B + WM,ai2thor04227,FloorPlan321,0,0,Model claimed DONE but success conditions not met,19086
Kimi-VL-A3B + WM,ai2thor04228,FloorPlan321,0,0,Model claimed DONE but success conditions not met,18207
Kimi-VL-A3B + WM,ai2thor04069,FloorPlan214,0,0,Reached maximum step limit (38 steps),710495
Kimi-VL-A3B + WM,ai2thor04229,FloorPlan321,0,0,Model determined task cannot be completed or refused to continue,34090
Kimi-VL-A3B + WM,ai2thor04232,FloorPlan322,0,0,Model claimed DONE but success conditions not met,35437
Kimi-VL-A3B + WM,ai2thor04113,FloorPlan3,0,0,Model determined task cannot be completed or refused to continue,3521
Kimi-VL-A3B + WM,ai2thor04230,FloorPlan322,0,0,Model claimed DONE but success conditions not met,272363
Kimi-VL-A3B + WM,ai2thor04068,FloorPlan214,0,0,Model determined task cannot be completed or refused to continue,279425
Kimi-VL-A3B + WM,ai2thor04235,FloorPlan330,0,0,Model claimed DONE but success conditions not met,169364
Kimi-VL-A3B + WM,ai2thor04234,FloorPlan322,0,0,Model claimed DONE but success conditions not met,43365
Kimi-VL-A3B + WM,ai2thor04233,FloorPlan322,0,0,Reached maximum step limit (36 steps),679627
Kimi-VL-A3B + WM,ai2thor04239,FloorPlan330,0,0,Model claimed DONE but success conditions not met,7925
Kimi-VL-A3B + WM,ai2thor04241,FloorPlan329,0,0,Model claimed DONE but success conditions not met,13104
Kimi-VL-A3B + WM,ai2thor04238,FloorPlan330,0,0,Model claimed DONE but success conditions not met,7841
Kimi-VL-A3B + WM,ai2thor04240,FloorPlan330,0,0,Model claimed DONE but success conditions not met,61153
Kimi-VL-A3B + WM,ai2thor04243,FloorPlan329,0,0,Step 1 parse failed after 3 retries: Unknown action: ActionName,16539
Kimi-VL-A3B + WM,ai2thor04236,FloorPlan330,0,0,Model claimed DONE but success conditions not met,424603
Kimi-VL-A3B + WM,ai2thor04501,FloorPlan9,0,0,Model claimed DONE but success conditions not met,115341
Kimi-VL-A3B + WM,ai2thor04242,FloorPlan329,0,0,Model claimed DONE but success conditions not met,35870
Kimi-VL-A3B + WM,ai2thor04500,FloorPlan202,0,0,Model determined task cannot be completed or refused to continue,62117
Kimi-VL-A3B + WM,ai2thor04503,FloorPlan329,0,0,Model claimed DONE but success conditions not met,33836
Kimi-VL-A3B + WM,ai2thor04505,FloorPlan422,0,0,Model claimed DONE but success conditions not met,38066
Kimi-VL-A3B + WM,ai2thor04502,FloorPlan313,0,0,Reached maximum step limit (32 steps),519866
Kimi-VL-A3B + WM,ai2thor05001,FloorPlan301,0,0,Model determined task cannot be completed or refused to continue,61894
Kimi-VL-A3B + WM,ai2thor05002,FloorPlan302,0,0,Model claimed DONE but success conditions not met,8845
Kimi-VL-A3B + WM,ai2thor05003,FloorPlan303,0,0,Model determined task cannot be completed or refused to continue,51314
Kimi-VL-A3B + WM,ai2thor05004,FloorPlan303,0,0,Model claimed DONE but success conditions not met,65978
Kimi-VL-A3B + WM,ai2thor05008,FloorPlan308,0,0,Model determined task cannot be completed or refused to continue,27042
Kimi-VL-A3B + WM,ai2thor05009,FloorPlan310,0,0,Model claimed DONE but success conditions not met,13033
Kimi-VL-A3B + WM,ai2thor05010,FloorPlan310,0,0,Model claimed DONE but success conditions not met,7787
Kimi-VL-A3B + WM,ai2thor05005,FloorPlan305,0,0,Model determined task cannot be completed or refused to continue,33351
Kimi-VL-A3B + WM,ai2thor05011,FloorPlan311,0,0,Model claimed DONE but success conditions not met,11373
Kimi-VL-A3B + WM,ai2thor05012,FloorPlan311,0,0,Reached maximum step limit (38 steps),656945
Kimi-VL-A3B + WM,ai2thor05013,FloorPlan311,0,0,Reached maximum step limit (28 steps),432957
Kimi-VL-A3B + WM,ai2thor05014,FloorPlan311,0,0,Model claimed DONE but success conditions not met,31364
Kimi-VL-A3B + WM,ai2thor05015,FloorPlan311,0,0,Model claimed DONE but success conditions not met,99745
Kimi-VL-A3B + WM,ai2thor05016,FloorPlan311,0,0,Model claimed DONE but success conditions not met,226472
Kimi-VL-A3B + WM,ai2thor05017,FloorPlan311,0,0,Model determined task cannot be completed or refused to continue,52819
Kimi-VL-A3B + WM,ai2thor04504,FloorPlan315,0,0,Reached maximum step limit (36 steps),656407
Kimi-VL-A3B + WM,ai2thor05007,FloorPlan307,0,0,Model claimed DONE but success conditions not met,27602
Kimi-VL-A3B + WM,ai2thor05006,FloorPlan306,0,0,Model determined task cannot be completed or refused to continue,128970
Kimi-VL-A3B + WM,ai2thor05025,FloorPlan313,0,0,Model claimed DONE but success conditions not met,121389
Kimi-VL-A3B + WM,ai2thor05021,FloorPlan312,0,0,Model claimed DONE but success conditions not met,61865
Kimi-VL-A3B + WM,ai2thor05022,FloorPlan312,0,0,Model claimed DONE but success conditions not met,271325
Kimi-VL-A3B + WM,ai2thor05026,FloorPlan313,0,0,Model claimed DONE but success conditions not met,26056
Kimi-VL-A3B + WM,ai2thor05027,FloorPlan313,0,0,Reached maximum step limit (26 steps),349063
Kimi-VL-A3B + WM,ai2thor05023,FloorPlan312,0,0,Model claimed DONE but success conditions not met,41736
Kimi-VL-A3B + WM,ai2thor05024,FloorPlan312,0,0,Reached maximum step limit (26 steps),432235
Kimi-VL-A3B + WM,ai2thor05028,FloorPlan314,0,0,Model claimed DONE but success conditions not met,21971
Kimi-VL-A3B + WM,ai2thor05029,FloorPlan314,0,0,Model claimed DONE but success conditions not met,82289
Kimi-VL-A3B + WM,ai2thor05030,FloorPlan314,0,0,Model claimed DONE but success conditions not met,53437
Kimi-VL-A3B + WM,ai2thor05031,FloorPlan315,0,0,Reached maximum step limit (32 steps),554976
Kimi-VL-A3B + WM,ai2thor05032,FloorPlan315,0,0,Reached maximum step limit (22 steps),278989
Kimi-VL-A3B + WM,ai2thor05033,FloorPlan315,0,0,Model claimed DONE but success conditions not met,85661
Kimi-VL-A3B + WM,ai2thor05034,FloorPlan315,0,0,Model claimed DONE but success conditions not met,110380
Kimi-VL-A3B + WM,ai2thor05035,FloorPlan315,0,0,Model determined task cannot be completed or refused to continue,13240
Kimi-VL-A3B + WM,ai2thor05041,FloorPlan319,0,0,Model claimed DONE but success conditions not met,63020
Kimi-VL-A3B + WM,ai2thor05037,FloorPlan315,0,0,Model claimed DONE but success conditions not met,128081
Kimi-VL-A3B + WM,ai2thor05038,FloorPlan315,0,0,Model claimed DONE but success conditions not met,92589
Kimi-VL-A3B + WM,ai2thor05043,FloorPlan316,0,0,Model determined task cannot be completed or refused to continue,26211
Kimi-VL-A3B + WM,ai2thor05039,FloorPlan315,0,0,Reached maximum step limit (26 steps),352170
Kimi-VL-A3B + WM,ai2thor05040,FloorPlan315,0,0,Model claimed DONE but success conditions not met,193335
Kimi-VL-A3B + WM,ai2thor05048,FloorPlan319,0,0,Model claimed DONE but success conditions not met,99957
Kimi-VL-A3B + WM,ai2thor05049,FloorPlan320,0,0,Reached maximum step limit (12 steps),99731
Kimi-VL-A3B + WM,ai2thor05050,FloorPlan318,0,0,Model claimed DONE but success conditions not met,34417
Kimi-VL-A3B + WM,ai2thor05052,FloorPlan215,0,0,Model claimed DONE but success conditions not met,19584
Kimi-VL-A3B + WM,ai2thor05051,FloorPlan215,0,0,Reached maximum step limit (20 steps),242243
Kimi-VL-A3B + WM,ai2thor05056,FloorPlan216,0,0,Reached maximum step limit (18 steps),187789
Kimi-VL-A3B + WM,ai2thor05055,FloorPlan217,0,0,Step 21 parse failed after 3 retries: Missing <ACTION> tag,337001
Kimi-VL-A3B + WM,ai2thor05057,FloorPlan217,0,0,Model claimed DONE but success conditions not met,32208
Kimi-VL-A3B + WM,ai2thor05044,FloorPlan316,0,0,Reached maximum step limit (20 steps),237740
Kimi-VL-A3B + WM,ai2thor05060,FloorPlan219,0,0,Reached maximum step limit (28 steps),395096
Kimi-VL-A3B + WM,ai2thor05061,FloorPlan220,0,0,Reached maximum step limit (20 steps),232942
Kimi-VL-A3B + WM,ai2thor05058,FloorPlan218,0,0,Reached maximum step limit (32 steps),530567
Kimi-VL-A3B + WM,ai2thor05063,FloorPlan15,0,0,Model claimed DONE but success conditions not met,19676
Kimi-VL-A3B + WM,ai2thor05065,FloorPlan15,0,0,Model claimed DONE but success conditions not met,25876
Kimi-VL-A3B + WM,ai2thor05045,FloorPlan316,0,0,Reached maximum step limit (20 steps),228125
Kimi-VL-A3B + WM,ai2thor05066,FloorPlan15,0,0,Model claimed DONE but success conditions not met,7852
Kimi-VL-A3B + WM,ai2thor05064,FloorPlan15,0,0,Reached maximum step limit (22 steps),274483
Kimi-VL-A3B + WM,ai2thor05068,FloorPlan16,0,0,Reached maximum step limit (16 steps),160492
Kimi-VL-A3B + WM,ai2thor05069,FloorPlan16,0,0,Model claimed DONE but success conditions not met,110636
Kimi-VL-A3B + WM,ai2thor05070,FloorPlan16,0,0,Reached maximum step limit (34 steps),546602
Kimi-VL-A3B + WM,ai2thor05071,FloorPlan16,0,0,Model claimed DONE but success conditions not met,192699
Kimi-VL-A3B + WM,ai2thor05072,FloorPlan18,0,0,Model claimed DONE but success conditions not met,173923
Kimi-VL-A3B + WM,ai2thor05073,FloorPlan20,0,0,Reached maximum step limit (18 steps),228775
Kimi-VL-A3B + WM,ai2thor05046,FloorPlan316,0,0,Reached maximum step limit (20 steps),244656
Kimi-VL-A3B + WM,ai2thor05074,FloorPlan17,0,0,Reached maximum step limit (18 steps),194066
Kimi-VL-A3B + WM,ai2thor05075,FloorPlan17,0,0,Reached maximum step limit (20 steps),231124
Kimi-VL-A3B + WM,ai2thor05076,FloorPlan17,0,0,Model determined task cannot be completed or refused to continue,26050
Kimi-VL-A3B + WM,ai2thor05079,FloorPlan18,0,0,Model determined task cannot be completed or refused to continue,52472
Kimi-VL-A3B + WM,ai2thor05077,FloorPlan17,0,0,Model determined task cannot be completed or refused to continue,147082
Kimi-VL-A3B + WM,ai2thor05501,FloorPlan302,0,0,Reached maximum step limit (16 steps),179356
Kimi-VL-A3B + WM,ai2thor05080,FloorPlan20,0,0,Reached maximum step limit (20 steps),237672
Kimi-VL-A3B + WM,ai2thor05505,FloorPlan326,0,0,Model claimed DONE but success conditions not met,46726
Kimi-VL-A3B + WM,ai2thor05506,FloorPlan324,0,0,Model claimed DONE but success conditions not met,52443
Kimi-VL-A3B + WM,ai2thor05508,FloorPlan304,0,0,Model claimed DONE but success conditions not met,7923
Kimi-VL-A3B + WM,ai2thor05509,FloorPlan304,0,0,Model claimed DONE but success conditions not met,225724
Kimi-VL-A3B + WM,ai2thor05510,FloorPlan305,0,0,Model claimed DONE but success conditions not met,42758
Kimi-VL-A3B + WM,ai2thor05511,FloorPlan305,0,0,Model claimed DONE but success conditions not met,26562
Kimi-VL-A3B + WM,ai2thor05512,FloorPlan305,0,0,Reached maximum step limit (26 steps),396027
Kimi-VL-A3B + WM,ai2thor05516,FloorPlan308,0,0,Model claimed DONE but success conditions not met,57379
Kimi-VL-A3B + WM,ai2thor05517,FloorPlan308,0,0,Model claimed DONE but success conditions not met,81654
Kimi-VL-A3B + WM,ai2thor05518,FloorPlan313,0,0,Model claimed DONE but success conditions not met,13138
Kimi-VL-A3B + WM,ai2thor05078,FloorPlan17,0,0,Reached maximum step limit (20 steps),227657
Kimi-VL-A3B + WM,ai2thor05514,FloorPlan307,0,0,Model claimed DONE but success conditions not met,168636
Kimi-VL-A3B + WM,ai2thor05515,FloorPlan307,0,0,Model claimed DONE but success conditions not met,85472
Kimi-VL-A3B + WM,ai2thor05519,FloorPlan314,1,1,,33760
Kimi-VL-A3B + WM,ai2thor05523,FloorPlan317,0,0,Model claimed DONE but success conditions not met,7741
Kimi-VL-A3B + WM,ai2thor05520,FloorPlan315,0,0,Model claimed DONE but success conditions not met,202012
Kimi-VL-A3B + WM,ai2thor05525,FloorPlan318,0,1,Model claimed DONE but success conditions not met,8016
Kimi-VL-A3B + WM,ai2thor05526,FloorPlan319,0,0,Model claimed DONE but success conditions not met,42331
Kimi-VL-A3B + WM,ai2thor05527,FloorPlan319,0,0,Model determined task cannot be completed or refused to continue,73772
Kimi-VL-A3B + WM,ai2thor05528,FloorPlan219,0,0,Model determined task cannot be completed or refused to continue,54642
Kimi-VL-A3B + WM,ai2thor05529,FloorPlan219,0,0,Model claimed DONE but success conditions not met,83603
Kimi-VL-A3B + WM,ai2thor05530,FloorPlan220,1,0,,12770
Kimi-VL-A3B + WM,ai2thor05531,FloorPlan220,0,0,Reached maximum step limit (26 steps),354805
Kimi-VL-A3B + WM,ai2thor05532,FloorPlan220,0,0,Model claimed DONE but success conditions not met,97166
Kimi-VL-A3B + WM,ai2thor05522,FloorPlan316,0,0,Model determined task cannot be completed or refused to continue,218756
Kimi-VL-A3B + WM,ai2thor05533,FloorPlan220,0,0,Model claimed DONE but success conditions not met,128704
Kimi-VL-A3B + WM,ai2thor05534,FloorPlan220,0,0,Reached maximum step limit (26 steps),377255
Kimi-VL-A3B + WM,ai2thor05521,FloorPlan315,0,0,Model claimed DONE but success conditions not met,46504
Kimi-VL-A3B + WM,ai2thor05535,FloorPlan201,0,0,Reached maximum step limit (20 steps),233194
Kimi-VL-A3B + WM,ai2thor05537,FloorPlan201,0,0,Model determined task cannot be completed or refused to continue,34751
Kimi-VL-A3B + WM,ai2thor05536,FloorPlan201,0,0,Reached maximum step limit (24 steps),323432
Kimi-VL-A3B + WM,ai2thor05539,FloorPlan202,0,0,Model claimed DONE but success conditions not met,26241
Kimi-VL-A3B + WM,ai2thor05538,FloorPlan202,0,0,Reached maximum step limit (22 steps),282597
Kimi-VL-A3B + WM,ai2thor05541,FloorPlan203,0,0,Model claimed DONE but success conditions not met,34012
Kimi-VL-A3B + WM,ai2thor05540,FloorPlan202,0,0,Reached maximum step limit (22 steps),282101
Kimi-VL-A3B + WM,ai2thor05542,FloorPlan429,0,0,Reached maximum step limit (20 steps),230298
Kimi-VL-A3B + WM,ai2thor05545,FloorPlan429,0,1,Model claimed DONE but success conditions not met,7848
Kimi-VL-A3B + WM,ai2thor05524,FloorPlan316,0,0,Model claimed DONE but success conditions not met,16739
Kimi-VL-A3B + WM,ai2thor05513,FloorPlan306,0,0,Reached maximum step limit (20 steps),238569
Kimi-VL-A3B + WM,ai2thor05546,FloorPlan428,0,0,Model claimed DONE but success conditions not met,8947
Kimi-VL-A3B + WM,ai2thor05549,FloorPlan427,0,0,Step 0 parse failed after 3 retries: Unknown action: TurnOnObject,10377
Kimi-VL-A3B + WM,ai2thor05547,FloorPlan428,0,0,Model determined task cannot be completed or refused to continue,26734
Kimi-VL-A3B + WM,ai2thor05550,FloorPlan426,0,0,Model claimed DONE but success conditions not met,20242
Kimi-VL-A3B + WM,ai2thor05551,FloorPlan425,0,0,Model claimed DONE but success conditions not met,8815
Kimi-VL-A3B + WM,ai2thor05548,FloorPlan427,0,0,Model claimed DONE but success conditions not met,120605
Kimi-VL-A3B + WM,ai2thor05553,FloorPlan423,1,1,,13055
Kimi-VL-A3B + WM,ai2thor05554,FloorPlan422,1,0,,7820
Kimi-VL-A3B + WM,ai2thor05543,FloorPlan429,0,0,Model claimed DONE but success conditions not met,370526
Kimi-VL-A3B + WM,ai2thor05558,FloorPlan212,1,0,,7815
Kimi-VL-A3B + WM,ai2thor05557,FloorPlan212,0,0,Reached maximum step limit (16 steps),157958
Kimi-VL-A3B + WM,ai2thor05556,FloorPlan212,0,0,Reached maximum step limit (12 steps),111458
Kimi-VL-A3B + WM,ai2thor05555,FloorPlan402,0,0,Reached maximum step limit (18 steps),213863
Kimi-VL-A3B + WM,ai2thor05559,FloorPlan213,0,0,Reached maximum step limit (22 steps),287626
Kimi-VL-A3B + WM,ai2thor05560,FloorPlan214,0,0,Reached maximum step limit (22 steps),277909
Kimi-VL-A3B + WM,ai2thor05563,FloorPlan206,0,0,Model claimed DONE but success conditions not met,13057
Kimi-VL-A3B + WM,ai2thor05562,FloorPlan205,0,0,Reached maximum step limit (18 steps),210970
Kimi-VL-A3B + WM,ai2thor05561,FloorPlan215,0,0,Reached maximum step limit (32 steps),510334
Kimi-VL-A3B + WM,ai2thor05565,FloorPlan218,0,0,Model determined task cannot be completed or refused to continue,85500
Kimi-VL-A3B + WM,ai2thor05552,FloorPlan424,0,0,Model claimed DONE but success conditions not met,53235
Kimi-VL-A3B + WM,ai2thor05564,FloorPlan208,0,0,Model claimed DONE but success conditions not met,26065
Kimi-VL-A3B + WM,ai2thor05566,FloorPlan218,0,0,Model claimed DONE but success conditions not met,12931
Kimi-VL-A3B + WM,ai2thor05568,FloorPlan401,0,0,Model determined task cannot be completed or refused to continue,25874
Kimi-VL-A3B + WM,ai2thor05567,FloorPlan218,0,0,Model claimed DONE but success conditions not met,33854
Kimi-VL-A3B + WM,ai2thor05573,FloorPlan409,0,0,Model claimed DONE but success conditions not met,43215
Kimi-VL-A3B + WM,ai2thor05571,FloorPlan412,0,0,Model claimed DONE but success conditions not met,230881
Kimi-VL-A3B + WM,ai2thor05570,FloorPlan412,0,0,Model claimed DONE but success conditions not met,455177
Kimi-VL-A3B + WM,ai2thor05572,FloorPlan430,0,0,Model determined task cannot be completed or refused to continue,7988
Kimi-VL-A3B + WM,ai2thor05576,FloorPlan418,0,0,Model claimed DONE but success conditions not met,30260
Kimi-VL-A3B + WM,ai2thor05575,FloorPlan417,0,0,Reached maximum step limit (28 steps),423678
Kimi-VL-A3B + WM,ai2thor05580,FloorPlan402,0,0,Model claimed DONE but success conditions not met,12968
Kimi-VL-A3B + WM,ai2thor05578,FloorPlan418,1,0,,56684
Kimi-VL-A3B + WM,ai2thor05579,FloorPlan415,0,0,Reached maximum step limit (16 steps),163100
Kimi-VL-A3B + WM,ai2thor06000,FloorPlan301,0,0,Model claimed DONE but success conditions not met,70904
Kimi-VL-A3B + WM,ai2thor05577,FloorPlan418,0,0,Model determined task cannot be completed or refused to continue,272774
Qwen3-VL-30B-A3B + WM,ai2thor02436,FloorPlan301,0,0,Model claimed DONE but success conditions not met,3274
Qwen3-VL-30B-A3B + WM,ai2thor03001,FloorPlan11,0,1,Reached maximum step limit (14 steps),105809
Qwen3-VL-30B-A3B + WM,ai2thor02437,FloorPlan302,0,0,Model claimed DONE but success conditions not met,7214
Qwen3-VL-30B-A3B + WM,ai2thor02763,FloorPlan22,0,0,Model claimed DONE but success conditions not met,17044
Qwen3-VL-30B-A3B + WM,ai2thor03000,FloorPlan11,0,0,Model claimed DONE but success conditions not met,127093
Qwen3-VL-30B-A3B + WM,ai2thor03002,FloorPlan11,0,0,Reached maximum step limit (34 steps),448919
Qwen3-VL-30B-A3B + WM,ai2thor03003,FloorPlan11,0,0,Reached maximum step limit (32 steps),400421
Qwen3-VL-30B-A3B + WM,ai2thor03005,FloorPlan12,0,0,Reached maximum step limit (26 steps),291545
Qwen3-VL-30B-A3B + WM,ai2thor03006,FloorPlan12,0,0,Reached maximum step limit (30 steps),368517
Qwen3-VL-30B-A3B + WM,ai2thor00000,FloorPlan17,0,0,Reached maximum step limit (26 steps),282503
Qwen3-VL-30B-A3B + WM,ai2thor03007,FloorPlan12,0,0,Model claimed DONE but success conditions not met,11818
Qwen3-VL-30B-A3B + WM,ai2thor03010,FloorPlan13,0,0,Reached maximum step limit (30 steps),390771
Qwen3-VL-30B-A3B + WM,ai2thor03008,FloorPlan12,0,0,Model claimed DONE but success conditions not met,11743
Qwen3-VL-30B-A3B + WM,ai2thor03009,FloorPlan12,0,0,Reached maximum step limit (50 steps),805712
Qwen3-VL-30B-A3B + WM,ai2thor03004,FloorPlan11,1,1,,11849
Qwen3-VL-30B-A3B + WM,ai2thor03011,FloorPlan13,1,1,,11747
Qwen3-VL-30B-A3B + WM,ai2thor03015,FloorPlan14,0,0,Model claimed DONE but success conditions not met,44055
Qwen3-VL-30B-A3B + WM,ai2thor03012,FloorPlan13,0,0,Reached maximum step limit (30 steps),378769
Qwen3-VL-30B-A3B + WM,ai2thor03014,FloorPlan13,0,0,Reached maximum step limit (26 steps),314646
Qwen3-VL-30B-A3B + WM,ai2thor03017,FloorPlan14,0,0,Reached maximum step limit (18 steps),155174
Qwen3-VL-30B-A3B + WM,ai2thor03021,FloorPlan15,0,0,Model claimed DONE but success conditions not met,35984
Qwen3-VL-30B-A3B + WM,ai2thor03016,FloorPlan14,0,0,Reached maximum step limit (32 steps),407096
Qwen3-VL-30B-A3B + WM,ai2thor03018,FloorPlan14,0,0,Reached maximum step limit (20 steps),183615
Qwen3-VL-30B-A3B + WM,ai2thor03023,FloorPlan15,0,1,Model claimed DONE but success conditions not met,7288
Qwen3-VL-30B-A3B + WM,ai2thor03019,FloorPlan14,0,0,Reached maximum step limit (22 steps),225588
Qwen3-VL-30B-A3B + WM,ai2thor03022,FloorPlan15,0,0,Reached maximum step limit (16 steps),132733
Qwen3-VL-30B-A3B + WM,ai2thor03027,FloorPlan20,0,0,Model claimed DONE but success conditions not met,154407
Qwen3-VL-30B-A3B + WM,ai2thor03026,FloorPlan20,0,0,Reached maximum step limit (24 steps),264291
Qwen3-VL-30B-A3B + WM,ai2thor03024,FloorPlan15,0,0,Reached maximum step limit (30 steps),377789
Qwen3-VL-30B-A3B + WM,ai2thor03025,FloorPlan20,0,0,Reached maximum step limit (30 steps),383604
Qwen3-VL-30B-A3B + WM,ai2thor03030,FloorPlan21,0,0,Model claimed DONE but success conditions not met,141990
Qwen3-VL-30B-A3B + WM,ai2thor03028,FloorPlan20,0,0,Reached maximum step limit (34 steps),434058
Qwen3-VL-30B-A3B + WM,ai2thor03031,FloorPlan21,0,0,Reached maximum step limit (24 steps),245259
Qwen3-VL-30B-A3B + WM,ai2thor03032,FloorPlan21,0,0,Reached maximum step limit (26 steps),290140
Qwen3-VL-30B-A3B + WM,ai2thor03034,FloorPlan21,0,0,Reached maximum step limit (24 steps),257724
Qwen3-VL-30B-A3B + WM,ai2thor03029,FloorPlan20,0,0,Reached maximum step limit (46 steps),720335
Qwen3-VL-30B-A3B + WM,ai2thor03035,FloorPlan22,0,0,Reached maximum step limit (20 steps),188370
Qwen3-VL-30B-A3B + WM,ai2thor03037,FloorPlan22,0,0,Model claimed DONE but success conditions not met,11803
Qwen3-VL-30B-A3B + WM,ai2thor03020,FloorPlan15,0,0,Reached maximum step limit (94 steps),1767564
Qwen3-VL-30B-A3B + WM,ai2thor03033,FloorPlan21,0,0,Reached maximum step limit (40 steps),585973
Qwen3-VL-30B-A3B + WM,ai2thor03036,FloorPlan22,0,0,Reached maximum step limit (30 steps),379130
Qwen3-VL-30B-A3B + WM,ai2thor03041,FloorPlan23,0,0,Model claimed DONE but success conditions not met,171275
Qwen3-VL-30B-A3B + WM,ai2thor03044,FloorPlan23,0,0,Model claimed DONE but success conditions not met,29669
Qwen3-VL-30B-A3B + WM,ai2thor03042,FloorPlan23,0,0,Reached maximum step limit (22 steps),228575
Qwen3-VL-30B-A3B + WM,ai2thor03040,FloorPlan23,0,0,Reached maximum step limit (34 steps),453207
Qwen3-VL-30B-A3B + WM,ai2thor03043,FloorPlan23,0,0,Reached maximum step limit (24 steps),250915
Qwen3-VL-30B-A3B + WM,ai2thor03050,FloorPlan25,1,0,,29151
Qwen3-VL-30B-A3B + WM,ai2thor03038,FloorPlan22,0,0,Reached maximum step limit (44 steps),680070
Qwen3-VL-30B-A3B + WM,ai2thor03046,FloorPlan24,0,0,Reached maximum step limit (22 steps),221398
Qwen3-VL-30B-A3B + WM,ai2thor03045,FloorPlan24,0,0,Reached maximum step limit (28 steps),337317
Qwen3-VL-30B-A3B + WM,ai2thor03049,FloorPlan24,0,0,Reached maximum step limit (26 steps),299271
Qwen3-VL-30B-A3B + WM,ai2thor03047,FloorPlan24,0,0,Reached maximum step limit (32 steps),412756
Qwen3-VL-30B-A3B + WM,ai2thor03057,FloorPlan26,0,0,Model claimed DONE but success conditions not met,44156
Qwen3-VL-30B-A3B + WM,ai2thor03051,FloorPlan25,0,0,Reached maximum step limit (40 steps),553117
Qwen3-VL-30B-A3B + WM,ai2thor03052,FloorPlan25,0,0,Reached maximum step limit (30 steps),387694
Qwen3-VL-30B-A3B + WM,ai2thor03054,FloorPlan25,0,0,Reached maximum step limit (32 steps),422559
Qwen3-VL-30B-A3B + WM,ai2thor03053,FloorPlan25,0,0,Reached maximum step limit (36 steps),480931
Qwen3-VL-30B-A3B + WM,ai2thor03056,FloorPlan26,0,0,Reached maximum step limit (30 steps),371030
Qwen3-VL-30B-A3B + WM,ai2thor03061,FloorPlan27,0,0,Model claimed DONE but success conditions not met,198922
Qwen3-VL-30B-A3B + WM,ai2thor03063,FloorPlan27,0,0,Reached maximum step limit (20 steps),188466
Qwen3-VL-30B-A3B + WM,ai2thor03058,FloorPlan26,0,0,Reached maximum step limit (34 steps),467182
Qwen3-VL-30B-A3B + WM,ai2thor03059,FloorPlan26,0,0,Reached maximum step limit (30 steps),390053
Qwen3-VL-30B-A3B + WM,ai2thor03060,FloorPlan27,0,0,Reached maximum step limit (32 steps),425082
Qwen3-VL-30B-A3B + WM,ai2thor03064,FloorPlan27,0,0,Reached maximum step limit (24 steps),266005
Qwen3-VL-30B-A3B + WM,ai2thor03065,FloorPlan28,0,0,Reached maximum step limit (20 steps),192595
Qwen3-VL-30B-A3B + WM,ai2thor03069,FloorPlan28,0,0,Reached maximum step limit (16 steps),129459
Qwen3-VL-30B-A3B + WM,ai2thor03066,FloorPlan28,0,0,Reached maximum step limit (26 steps),293302
Qwen3-VL-30B-A3B + WM,ai2thor03070,FloorPlan29,0,0,Model claimed DONE but success conditions not met,72914
Qwen3-VL-30B-A3B + WM,ai2thor03072,FloorPlan29,0,0,Model determined task cannot be completed or refused to continue,12044
Qwen3-VL-30B-A3B + WM,ai2thor03067,FloorPlan28,0,0,Reached maximum step limit (40 steps),584513
Qwen3-VL-30B-A3B + WM,ai2thor03068,FloorPlan28,0,0,Reached maximum step limit (40 steps),599794
Qwen3-VL-30B-A3B + WM,ai2thor03071,FloorPlan29,0,0,Reached maximum step limit (28 steps),341572
Qwen3-VL-30B-A3B + WM,ai2thor03076,FloorPlan30,0,0,Model claimed DONE but success conditions not met,117165
Qwen3-VL-30B-A3B + WM,ai2thor04000,FloorPlan302,0,0,Model claimed DONE but success conditions not met,7235
Qwen3-VL-30B-A3B + WM,ai2thor03075,FloorPlan30,0,0,Reached maximum step limit (32 steps),426889
Qwen3-VL-30B-A3B + WM,ai2thor03077,FloorPlan30,0,0,Reached maximum step limit (20 steps),190829
Qwen3-VL-30B-A3B + WM,ai2thor03074,FloorPlan29,0,0,Reached maximum step limit (40 steps),603455
Qwen3-VL-30B-A3B + WM,ai2thor03073,FloorPlan29,0,0,Reached maximum step limit (50 steps),802503
Qwen3-VL-30B-A3B + WM,ai2thor04001,FloorPlan301,0,0,Reached maximum step limit (18 steps),166086
Qwen3-VL-30B-A3B + WM,ai2thor04006,FloorPlan303,0,0,Model claimed DONE but success conditions not met,44757
Qwen3-VL-30B-A3B + WM,ai2thor04009,FloorPlan303,0,0,Model claimed DONE but success conditions not met,23179
Qwen3-VL-30B-A3B + WM,ai2thor03078,FloorPlan30,0,0,Reached maximum step limit (36 steps),522793
Qwen3-VL-30B-A3B + WM,ai2thor04004,FloorPlan303,0,0,Reached maximum step limit (40 steps),586556
Qwen3-VL-30B-A3B + WM,ai2thor04008,FloorPlan303,0,0,Reached maximum step limit (28 steps),331377
Qwen3-VL-30B-A3B + WM,ai2thor04005,FloorPlan303,0,0,Reached maximum step limit (40 steps),595188
Qwen3-VL-30B-A3B + WM,ai2thor04040,FloorPlan324,0,0,Model claimed DONE but success conditions not met,7306
Qwen3-VL-30B-A3B + WM,ai2thor04039,FloorPlan323,0,0,Reached maximum step limit (14 steps),102993
Qwen3-VL-30B-A3B + WM,ai2thor04035,FloorPlan323,0,0,Reached maximum step limit (36 steps),534523
Qwen3-VL-30B-A3B + WM,ai2thor04037,FloorPlan323,0,0,Reached maximum step limit (32 steps),427789
Qwen3-VL-30B-A3B + WM,ai2thor04044,FloorPlan324,0,0,Model claimed DONE but success conditions not met,37046
Qwen3-VL-30B-A3B + WM,ai2thor04036,FloorPlan323,0,0,Reached maximum step limit (42 steps),653652
Qwen3-VL-30B-A3B + WM,ai2thor04047,FloorPlan210,0,0,Model claimed DONE but success conditions not met,7182
Qwen3-VL-30B-A3B + WM,ai2thor04042,FloorPlan324,0,0,Reached maximum step limit (38 steps),560257
Qwen3-VL-30B-A3B + WM,ai2thor04038,FloorPlan323,0,0,Reached maximum step limit (44 steps),695905
Qwen3-VL-30B-A3B + WM,ai2thor04043,FloorPlan324,0,0,Reached maximum step limit (36 steps),503476
Qwen3-VL-30B-A3B + WM,ai2thor04050,FloorPlan211,0,0,Model determined task cannot be completed or refused to continue,30643
Qwen3-VL-30B-A3B + WM,ai2thor04045,FloorPlan210,0,0,Reached maximum step limit (44 steps),644807
Qwen3-VL-30B-A3B + WM,ai2thor04046,FloorPlan210,0,0,Reached maximum step limit (38 steps),552955
Qwen3-VL-30B-A3B + WM,ai2thor04048,FloorPlan210,0,0,Reached maximum step limit (36 steps),508306
Qwen3-VL-30B-A3B + WM,ai2thor04051,FloorPlan211,0,0,Reached maximum step limit (32 steps),451329
Qwen3-VL-30B-A3B + WM,ai2thor04049,FloorPlan210,0,0,Reached maximum step limit (44 steps),655870
Qwen3-VL-30B-A3B + WM,ai2thor04052,FloorPlan211,0,0,Reached maximum step limit (36 steps),507444
Qwen3-VL-30B-A3B + WM,ai2thor04055,FloorPlan212,0,0,Reached maximum step limit (32 steps),416016
Qwen3-VL-30B-A3B + WM,ai2thor04059,FloorPlan212,0,0,Model claimed DONE but success conditions not met,3352
Qwen3-VL-30B-A3B + WM,ai2thor04053,FloorPlan211,0,0,Reached maximum step limit (40 steps),594588
Qwen3-VL-30B-A3B + WM,ai2thor04057,FloorPlan212,0,0,Model claimed DONE but success conditions not met,132110
Qwen3-VL-30B-A3B + WM,ai2thor04058,FloorPlan212,0,0,Reached maximum step limit (16 steps),129750
Qwen3-VL-30B-A3B + WM,ai2thor04054,FloorPlan211,0,0,Reached maximum step limit (44 steps),693566
Qwen3-VL-30B-A3B + WM,ai2thor04064,FloorPlan213,0,0,Model claimed DONE but success conditions not met,75822
Qwen3-VL-30B-A3B + WM,ai2thor04061,FloorPlan213,0,0,Reached maximum step limit (22 steps),227306
Qwen3-VL-30B-A3B + WM,ai2thor04065,FloorPlan214,0,0,Reached maximum step limit (16 steps),135194
Qwen3-VL-30B-A3B + WM,ai2thor04056,FloorPlan212,0,0,Reached maximum step limit (46 steps),754422
Qwen3-VL-30B-A3B + WM,ai2thor04066,FloorPlan214,0,0,Model claimed DONE but success conditions not met,119074
Qwen3-VL-30B-A3B + WM,ai2thor04063,FloorPlan213,0,0,Reached maximum step limit (32 steps),423431
Qwen3-VL-30B-A3B + WM,ai2thor04067,FloorPlan214,0,1,Reached maximum step limit (14 steps),107069
Qwen3-VL-30B-A3B + WM,ai2thor04100,FloorPlan303,0,0,Model claimed DONE but success conditions not met,3344
Qwen3-VL-30B-A3B + WM,ai2thor04101,FloorPlan310,0,0,Model claimed DONE but success conditions not met,11660
Qwen3-VL-30B-A3B + WM,ai2thor04062,FloorPlan213,0,0,Reached maximum step limit (50 steps),761754
Qwen3-VL-30B-A3B + WM,ai2thor04102,FloorPlan310,0,0,Model claimed DONE but success conditions not met,126942
Qwen3-VL-30B-A3B + WM,ai2thor04103,FloorPlan310,0,0,Reached maximum step limit (16 steps),135739
Qwen3-VL-30B-A3B + WM,ai2thor04072,FloorPlan215,0,0,Reached maximum step limit (32 steps),406286
Qwen3-VL-30B-A3B + WM,ai2thor04069,FloorPlan214,0,0,Reached maximum step limit (38 steps),555846
Qwen3-VL-30B-A3B + WM,ai2thor04068,FloorPlan214,0,0,Reached maximum step limit (44 steps),707026
Qwen3-VL-30B-A3B + WM,ai2thor04106,FloorPlan311,0,0,Reached maximum step limit (14 steps),107058
Qwen3-VL-30B-A3B + WM,ai2thor04105,FloorPlan311,0,0,Reached maximum step limit (30 steps),391692
Qwen3-VL-30B-A3B + WM,ai2thor04109,FloorPlan311,0,0,Reached maximum step limit (20 steps),181705
Qwen3-VL-30B-A3B + WM,ai2thor04107,FloorPlan310,0,0,Reached maximum step limit (32 steps),418321
Qwen3-VL-30B-A3B + WM,ai2thor04110,FloorPlan310,0,0,Model claimed DONE but success conditions not met,36846
Qwen3-VL-30B-A3B + WM,ai2thor04108,FloorPlan311,0,0,Reached maximum step limit (30 steps),374566
Qwen3-VL-30B-A3B + WM,ai2thor04113,FloorPlan3,0,0,Model claimed DONE but success conditions not met,43218
Qwen3-VL-30B-A3B + WM,ai2thor04114,FloorPlan23,0,0,Model claimed DONE but success conditions not met,11979
Qwen3-VL-30B-A3B + WM,ai2thor04104,FloorPlan310,0,0,Reached maximum step limit (52 steps),884852
Qwen3-VL-30B-A3B + WM,ai2thor04073,FloorPlan217,0,0,Reached maximum step limit (78 steps),1349775
Qwen3-VL-30B-A3B + WM,ai2thor04117,FloorPlan25,0,0,Reached maximum step limit (26 steps),289255
Qwen3-VL-30B-A3B + WM,ai2thor04112,FloorPlan303,0,0,Reached maximum step limit (34 steps),465665
Qwen3-VL-30B-A3B + WM,ai2thor04120,FloorPlan217,0,0,Model claimed DONE but success conditions not met,7243
Qwen3-VL-30B-A3B + WM,ai2thor04115,FloorPlan323,0,0,Reached maximum step limit (38 steps),540171
Qwen3-VL-30B-A3B + WM,ai2thor04118,FloorPlan213,0,0,Reached maximum step limit (30 steps),377791
Qwen3-VL-30B-A3B + WM,ai2thor04222,FloorPlan320,1,1,,11866
Qwen3-VL-30B-A3B + WM,ai2thor04223,FloorPlan320,0,0,"Environment exception: 
	Action: ""ThrowObject"" called with invalid argument: 'objectId'
	Expected arguments: Single move",22734
Qwen3-VL-30B-A3B + WM,ai2thor04116,FloorPlan6,0,0,Reached maximum step limit (44 steps),684461
Qwen3-VL-30B-A3B + WM,ai2thor04224,FloorPlan320,1,1,,44088
Qwen3-VL-30B-A3B + WM,ai2thor04221,FloorPlan320,0,0,Reached maximum step limit (22 steps),221227
Qwen3-VL-30B-A3B + WM,ai2thor04228,FloorPlan321,0,0,Model claimed DONE but success conditions not met,29240
Qwen3-VL-30B-A3B + WM,ai2thor04220,FloorPlan320,0,0,Reached maximum step limit (32 steps),418559
Qwen3-VL-30B-A3B + WM,ai2thor04229,FloorPlan321,1,1,,11704
Qwen3-VL-30B-A3B + WM,ai2thor04119,FloorPlan217,0,0,Reached maximum step limit (56 steps),976733
Qwen3-VL-30B-A3B + WM,ai2thor04225,FloorPlan321,0,0,Reached maximum step limit (26 steps),292945
Qwen3-VL-30B-A3B + WM,ai2thor04227,FloorPlan321,0,0,Reached maximum step limit (28 steps),324901
Qwen3-VL-30B-A3B + WM,ai2thor04226,FloorPlan321,0,0,Reached maximum step limit (34 steps),467964
Qwen3-VL-30B-A3B + WM,ai2thor04230,FloorPlan322,0,0,Reached maximum step limit (26 steps),300610
Qwen3-VL-30B-A3B + WM,ai2thor04232,FloorPlan322,0,0,Reached maximum step limit (26 steps),297364
Qwen3-VL-30B-A3B + WM,ai2thor04235,FloorPlan330,0,0,Reached maximum step limit (18 steps),154245
Qwen3-VL-30B-A3B + WM,ai2thor04238,FloorPlan330,0,0,Model determined task cannot be completed or refused to continue,16985
Qwen3-VL-30B-A3B + WM,ai2thor04240,FloorPlan330,0,0,Model claimed DONE but success conditions not met,7267
Qwen3-VL-30B-A3B + WM,ai2thor04241,FloorPlan329,0,0,Model determined task cannot be completed or refused to continue,11917
Qwen3-VL-30B-A3B + WM,ai2thor04242,FloorPlan329,1,1,,11636
Qwen3-VL-30B-A3B + WM,ai2thor04243,FloorPlan329,0,0,Model claimed DONE but success conditions not met,12044
Qwen3-VL-30B-A3B + WM,ai2thor04233,FloorPlan322,0,0,Reached maximum step limit (36 steps),498209
Qwen3-VL-30B-A3B + WM,ai2thor04500,FloorPlan202,0,0,Model claimed DONE but success conditions not met,7247
Qwen3-VL-30B-A3B + WM,ai2thor04234,FloorPlan322,0,0,Reached maximum step limit (34 steps),467585
Qwen3-VL-30B-A3B + WM,ai2thor04236,FloorPlan330,0,0,Reached maximum step limit (26 steps),297209
Qwen3-VL-30B-A3B + WM,ai2thor04239,FloorPlan330,0,0,Reached maximum step limit (32 steps),417251
Qwen3-VL-30B-A3B + WM,ai2thor04503,FloorPlan329,0,0,Reached maximum step limit (24 steps),265839
Qwen3-VL-30B-A3B + WM,ai2thor04502,FloorPlan313,0,0,Reached maximum step limit (32 steps),406558
Qwen3-VL-30B-A3B + WM,ai2thor05002,FloorPlan302,0,0,Model claimed DONE but success conditions not met,29267
Qwen3-VL-30B-A3B + WM,ai2thor04505,FloorPlan422,0,0,Reached maximum step limit (26 steps),293725
Qwen3-VL-30B-A3B + WM,ai2thor05003,FloorPlan303,0,0,Model determined task cannot be completed or refused to continue,37257
Qwen3-VL-30B-A3B + WM,ai2thor05001,FloorPlan301,1,0,,184264
Qwen3-VL-30B-A3B + WM,ai2thor05004,FloorPlan303,0,0,Model determined task cannot be completed or refused to continue,17365
Qwen3-VL-30B-A3B + WM,ai2thor05005,FloorPlan305,0,0,Model claimed DONE but success conditions not met,12148
Qwen3-VL-30B-A3B + WM,ai2thor04504,FloorPlan315,0,0,Reached maximum step limit (36 steps),502595
Qwen3-VL-30B-A3B + WM,ai2thor04501,FloorPlan9,0,0,Reached maximum step limit (40 steps),598320
Qwen3-VL-30B-A3B + WM,ai2thor05010,FloorPlan310,0,0,Model determined task cannot be completed or refused to continue,22897
Qwen3-VL-30B-A3B + WM,ai2thor05011,FloorPlan311,0,0,Model determined task cannot be completed or refused to continue,17159
Qwen3-VL-30B-A3B + WM,ai2thor05013,FloorPlan311,0,0,Model determined task cannot be completed or refused to continue,11882
Qwen3-VL-30B-A3B + WM,ai2thor05008,FloorPlan308,0,0,Reached maximum step limit (24 steps),253358
Qwen3-VL-30B-A3B + WM,ai2thor05009,FloorPlan310,0,0,Reached maximum step limit (22 steps),225865
Qwen3-VL-30B-A3B + WM,ai2thor05006,FloorPlan306,0,0,Reached maximum step limit (30 steps),364958
Qwen3-VL-30B-A3B + WM,ai2thor05007,FloorPlan307,0,0,Reached maximum step limit (30 steps),384841
Qwen3-VL-30B-A3B + WM,ai2thor05017,FloorPlan311,0,0,Model claimed DONE but success conditions not met,7205
Qwen3-VL-30B-A3B + WM,ai2thor05012,FloorPlan311,0,0,Reached maximum step limit (38 steps),536118
Qwen3-VL-30B-A3B + WM,ai2thor05014,FloorPlan311,0,0,Reached maximum step limit (34 steps),458141
Qwen3-VL-30B-A3B + WM,ai2thor05021,FloorPlan312,0,0,Reached maximum step limit (24 steps),255338
Qwen3-VL-30B-A3B + WM,ai2thor05022,FloorPlan312,0,0,Reached maximum step limit (24 steps),259800
Qwen3-VL-30B-A3B + WM,ai2thor05016,FloorPlan311,0,0,Reached maximum step limit (32 steps),420730
Qwen3-VL-30B-A3B + WM,ai2thor05015,FloorPlan311,0,0,Reached maximum step limit (34 steps),455193
Qwen3-VL-30B-A3B + WM,ai2thor05028,FloorPlan314,0,0,Model claimed DONE but success conditions not met,36523
Qwen3-VL-30B-A3B + WM,ai2thor05023,FloorPlan312,0,0,Reached maximum step limit (22 steps),223448
Qwen3-VL-30B-A3B + WM,ai2thor05024,FloorPlan312,0,0,Reached maximum step limit (26 steps),289091
Qwen3-VL-30B-A3B + WM,ai2thor05025,FloorPlan313,0,0,Reached maximum step limit (26 steps),300445
Qwen3-VL-30B-A3B + WM,ai2thor05027,FloorPlan313,0,0,Reached maximum step limit (26 steps),289045
Qwen3-VL-30B-A3B + WM,ai2thor05026,FloorPlan313,0,0,Reached maximum step limit (26 steps),299854
Qwen3-VL-30B-A3B + WM,ai2thor05030,FloorPlan314,0,0,Model claimed DONE but success conditions not met,172710
Qwen3-VL-30B-A3B + WM,ai2thor05029,FloorPlan314,0,0,Reached maximum step limit (22 steps),230889
Qwen3-VL-30B-A3B + WM,ai2thor05037,FloorPlan315,0,0,Model determined task cannot be completed or refused to continue,29069
Qwen3-VL-30B-A3B + WM,ai2thor05033,FloorPlan315,0,0,Reached maximum step limit (22 steps),221865
Qwen3-VL-30B-A3B + WM,ai2thor05031,FloorPlan315,0,0,Reached maximum step limit (32 steps),424285
Qwen3-VL-30B-A3B + WM,ai2thor05034,FloorPlan315,0,0,Reached maximum step limit (24 steps),255811
Qwen3-VL-30B-A3B + WM,ai2thor05032,FloorPlan315,0,0,Reached maximum step limit (22 steps),236928
Qwen3-VL-30B-A3B + WM,ai2thor05035,FloorPlan315,0,0,Reached maximum step limit (24 steps),258985
Qwen3-VL-30B-A3B + WM,ai2thor05038,FloorPlan315,0,0,Reached maximum step limit (26 steps),288364
Qwen3-VL-30B-A3B + WM,ai2thor05043,FloorPlan316,0,0,Reached maximum step limit (18 steps),154178
Qwen3-VL-30B-A3B + WM,ai2thor05041,FloorPlan319,0,0,Reached maximum step limit (18 steps),157462
Qwen3-VL-30B-A3B + WM,ai2thor05039,FloorPlan315,0,0,Reached maximum step limit (26 steps),295483
Qwen3-VL-30B-A3B + WM,ai2thor05040,FloorPlan315,0,0,Reached maximum step limit (24 steps),259150
Qwen3-VL-30B-A3B + WM,ai2thor05049,FloorPlan320,1,1,,7243
Qwen3-VL-30B-A3B + WM,ai2thor05044,FloorPlan316,0,0,Reached maximum step limit (20 steps),185929
Qwen3-VL-30B-A3B + WM,ai2thor05052,FloorPlan215,0,0,Model determined task cannot be completed or refused to continue,17207
Qwen3-VL-30B-A3B + WM,ai2thor05045,FloorPlan316,0,0,Reached maximum step limit (20 steps),186841
Qwen3-VL-30B-A3B + WM,ai2thor05048,FloorPlan319,0,0,Model claimed DONE but success conditions not met,132602
Qwen3-VL-30B-A3B + WM,ai2thor05046,FloorPlan316,0,0,Reached maximum step limit (20 steps),187171
Qwen3-VL-30B-A3B + WM,ai2thor05051,FloorPlan215,0,0,Model claimed DONE but success conditions not met,72181
Qwen3-VL-30B-A3B + WM,ai2thor05057,FloorPlan217,0,0,Model claimed DONE but success conditions not met,7241
Qwen3-VL-30B-A3B + WM,ai2thor05050,FloorPlan318,0,0,Reached maximum step limit (20 steps),186989
Qwen3-VL-30B-A3B + WM,ai2thor05061,FloorPlan220,0,0,Model claimed DONE but success conditions not met,22772
Qwen3-VL-30B-A3B + WM,ai2thor05056,FloorPlan216,0,0,Reached maximum step limit (18 steps),152997
Qwen3-VL-30B-A3B + WM,ai2thor05060,FloorPlan219,0,0,Model claimed DONE but success conditions not met,45513
Qwen3-VL-30B-A3B + WM,ai2thor05055,FloorPlan217,0,0,Reached maximum step limit (22 steps),219906
Qwen3-VL-30B-A3B + WM,ai2thor05066,FloorPlan15,0,0,Model determined task cannot be completed or refused to continue,29813
Qwen3-VL-30B-A3B + WM,ai2thor05063,FloorPlan15,0,0,Reached maximum step limit (18 steps),154169
Qwen3-VL-30B-A3B + WM,ai2thor05065,FloorPlan15,0,0,Reached maximum step limit (14 steps),110524
Qwen3-VL-30B-A3B + WM,ai2thor05058,FloorPlan218,0,0,Reached maximum step limit (32 steps),418387
Qwen3-VL-30B-A3B + WM,ai2thor05068,FloorPlan16,1,0,,104044
Qwen3-VL-30B-A3B + WM,ai2thor05064,FloorPlan15,0,0,Reached maximum step limit (22 steps),221153
Qwen3-VL-30B-A3B + WM,ai2thor05073,FloorPlan20,0,0,Model determined task cannot be completed or refused to continue,51830
Qwen3-VL-30B-A3B + WM,ai2thor05069,FloorPlan16,0,0,Reached maximum step limit (26 steps),293119
Qwen3-VL-30B-A3B + WM,ai2thor05074,FloorPlan17,0,0,Reached maximum step limit (18 steps),159055
Qwen3-VL-30B-A3B + WM,ai2thor05072,FloorPlan18,0,0,Reached maximum step limit (22 steps),221793
Qwen3-VL-30B-A3B + WM,ai2thor05070,FloorPlan16,0,0,Reached maximum step limit (34 steps),458075
Qwen3-VL-30B-A3B + WM,ai2thor05075,FloorPlan17,0,0,Reached maximum step limit (20 steps),188153
Qwen3-VL-30B-A3B + WM,ai2thor05071,FloorPlan16,0,0,Reached maximum step limit (38 steps),550095
Qwen3-VL-30B-A3B + WM,ai2thor05080,FloorPlan20,0,0,Model claimed DONE but success conditions not met,22945
Qwen3-VL-30B-A3B + WM,ai2thor05076,FloorPlan17,0,0,Reached maximum step limit (20 steps),188090
Qwen3-VL-30B-A3B + WM,ai2thor05077,FloorPlan17,0,0,Model determined task cannot be completed or refused to continue,121415
Qwen3-VL-30B-A3B + WM,ai2thor05505,FloorPlan326,0,0,Model determined task cannot be completed or refused to continue,3291
Qwen3-VL-30B-A3B + WM,ai2thor05078,FloorPlan17,0,0,Reached maximum step limit (20 steps),187853
Qwen3-VL-30B-A3B + WM,ai2thor05501,FloorPlan302,0,0,Model determined task cannot be completed or refused to continue,36273
Qwen3-VL-30B-A3B + WM,ai2thor05079,FloorPlan18,0,0,Reached maximum step limit (20 steps),184532
Qwen3-VL-30B-A3B + WM,ai2thor05511,FloorPlan305,0,1,Model claimed DONE but success conditions not met,52938
Qwen3-VL-30B-A3B + WM,ai2thor05508,FloorPlan304,0,0,Reached maximum step limit (18 steps),158058
Qwen3-VL-30B-A3B + WM,ai2thor05506,FloorPlan324,0,0,Reached maximum step limit (22 steps),217566
Qwen3-VL-30B-A3B + WM,ai2thor05509,FloorPlan304,0,0,Reached maximum step limit (22 steps),224005
Qwen3-VL-30B-A3B + WM,ai2thor05513,FloorPlan306,0,0,Model claimed DONE but success conditions not met,44085
Qwen3-VL-30B-A3B + WM,ai2thor05512,FloorPlan305,0,0,Reached maximum step limit (26 steps),289802
Qwen3-VL-30B-A3B + WM,ai2thor05510,FloorPlan305,0,0,Reached maximum step limit (30 steps),384609
Qwen3-VL-30B-A3B + WM,ai2thor05514,FloorPlan307,0,0,Reached maximum step limit (20 steps),195592
Qwen3-VL-30B-A3B + WM,ai2thor05519,FloorPlan314,1,1,,7125
Qwen3-VL-30B-A3B + WM,ai2thor05515,FloorPlan307,0,0,Reached maximum step limit (20 steps),190490
Qwen3-VL-30B-A3B + WM,ai2thor05517,FloorPlan308,0,0,Reached maximum step limit (18 steps),159797
Qwen3-VL-30B-A3B + WM,ai2thor05516,FloorPlan308,0,0,Reached maximum step limit (18 steps),166666
Qwen3-VL-30B-A3B + WM,ai2thor05518,FloorPlan313,0,0,Reached maximum step limit (14 steps),106236
Qwen3-VL-30B-A3B + WM,ai2thor05523,FloorPlan317,1,1,,7191
Qwen3-VL-30B-A3B + WM,ai2thor05525,FloorPlan318,1,1,,11755
Qwen3-VL-30B-A3B + WM,ai2thor05520,FloorPlan315,0,0,Reached maximum step limit (18 steps),159955
Qwen3-VL-30B-A3B + WM,ai2thor05521,FloorPlan315,0,0,Reached maximum step limit (20 steps),186161
Qwen3-VL-30B-A3B + WM,ai2thor05528,FloorPlan219,0,0,Model claimed DONE but success conditions not met,22926
Qwen3-VL-30B-A3B + WM,ai2thor05522,FloorPlan316,0,0,Reached maximum step limit (22 steps),223009
Qwen3-VL-30B-A3B + WM,ai2thor05524,FloorPlan316,0,0,Reached maximum step limit (20 steps),186554
Qwen3-VL-30B-A3B + WM,ai2thor05530,FloorPlan220,1,1,,11809
Qwen3-VL-30B-A3B + WM,ai2thor05526,FloorPlan319,0,0,Reached maximum step limit (22 steps),217844
Qwen3-VL-30B-A3B + WM,ai2thor05533,FloorPlan220,0,0,Model claimed DONE but success conditions not met,23372
Qwen3-VL-30B-A3B + WM,ai2thor05529,FloorPlan219,0,0,Reached maximum step limit (24 steps),249699
Qwen3-VL-30B-A3B + WM,ai2thor05531,FloorPlan220,0,0,Model claimed DONE but success conditions not met,117927
Qwen3-VL-30B-A3B + WM,ai2thor05527,FloorPlan319,0,0,Reached maximum step limit (30 steps),387724
Qwen3-VL-30B-A3B + WM,ai2thor05532,FloorPlan220,0,0,Reached maximum step limit (28 steps),336269
Qwen3-VL-30B-A3B + WM,ai2thor05534,FloorPlan220,0,0,Reached maximum step limit (26 steps),291477
Qwen3-VL-30B-A3B + WM,ai2thor05535,FloorPlan201,0,0,Reached maximum step limit (20 steps),188325
Qwen3-VL-30B-A3B + WM,ai2thor05538,FloorPlan202,0,0,Reached maximum step limit (22 steps),208467
Qwen3-VL-30B-A3B + WM,ai2thor05536,FloorPlan201,0,0,Reached maximum step limit (24 steps),255253
Qwen3-VL-30B-A3B + WM,ai2thor05542,FloorPlan429,0,0,"Environment exception: 
	Action: ""ThrowObject"" called with invalid argument: 'objectId'
	Expected arguments: Single move",11860
Qwen3-VL-30B-A3B + WM,ai2thor05537,FloorPlan201,0,0,Reached maximum step limit (30 steps),367021
Qwen3-VL-30B-A3B + WM,ai2thor05545,FloorPlan429,0,0,Model claimed DONE but success conditions not met,17190
Qwen3-VL-30B-A3B + WM,ai2thor05543,FloorPlan429,0,0,Model determined task cannot be completed or refused to continue,29895
Qwen3-VL-30B-A3B + WM,ai2thor05539,FloorPlan202,0,0,Reached maximum step limit (22 steps),214800
Qwen3-VL-30B-A3B + WM,ai2thor05546,FloorPlan428,0,0,Model claimed DONE but success conditions not met,17175
Qwen3-VL-30B-A3B + WM,ai2thor05549,FloorPlan427,1,1,,7244
Qwen3-VL-30B-A3B + WM,ai2thor05540,FloorPlan202,0,0,Reached maximum step limit (22 steps),227163
Qwen3-VL-30B-A3B + WM,ai2thor05548,FloorPlan427,0,0,Model claimed DONE but success conditions not met,29227
Qwen3-VL-30B-A3B + WM,ai2thor05553,FloorPlan423,1,1,,7234
Qwen3-VL-30B-A3B + WM,ai2thor05551,FloorPlan425,0,0,Model claimed DONE but success conditions not met,36454
Qwen3-VL-30B-A3B + WM,ai2thor05541,FloorPlan203,0,0,Reached maximum step limit (32 steps),421058
Qwen3-VL-30B-A3B + WM,ai2thor05550,FloorPlan426,0,1,Reached maximum step limit (12 steps),83769
Qwen3-VL-30B-A3B + WM,ai2thor05547,FloorPlan428,0,0,Reached maximum step limit (20 steps),187815
Qwen3-VL-30B-A3B + WM,ai2thor05555,FloorPlan402,0,0,Model determined task cannot be completed or refused to continue,36463
Qwen3-VL-30B-A3B + WM,ai2thor05554,FloorPlan422,0,1,Reached maximum step limit (12 steps),80267
Qwen3-VL-30B-A3B + WM,ai2thor05552,FloorPlan424,0,0,Reached maximum step limit (18 steps),156875
Qwen3-VL-30B-A3B + WM,ai2thor05556,FloorPlan212,0,0,Reached maximum step limit (12 steps),80825
Qwen3-VL-30B-A3B + WM,ai2thor05557,FloorPlan212,0,0,Reached maximum step limit (16 steps),126878
Qwen3-VL-30B-A3B + WM,ai2thor05558,FloorPlan212,0,0,Reached maximum step limit (12 steps),84220
Qwen3-VL-30B-A3B + WM,ai2thor05559,FloorPlan213,0,0,Reached maximum step limit (22 steps),209856
Qwen3-VL-30B-A3B + WM,ai2thor05563,FloorPlan206,1,0,,70937
Qwen3-VL-30B-A3B + WM,ai2thor05562,FloorPlan205,0,1,Reached maximum step limit (18 steps),154815
Qwen3-VL-30B-A3B + WM,ai2thor05564,FloorPlan208,0,0,Model claimed DONE but success conditions not met,53998
Qwen3-VL-30B-A3B + WM,ai2thor05560,FloorPlan214,0,0,Reached maximum step limit (22 steps),229802
Qwen3-VL-30B-A3B + WM,ai2thor05568,FloorPlan401,0,0,Model claimed DONE but success conditions not met,11751
Qwen3-VL-30B-A3B + WM,ai2thor05567,FloorPlan218,0,0,Model claimed DONE but success conditions not met,29135
Qwen3-VL-30B-A3B + WM,ai2thor05570,FloorPlan412,0,0,Model claimed DONE but success conditions not met,36793
Qwen3-VL-30B-A3B + WM,ai2thor05561,FloorPlan215,0,0,Reached maximum step limit (32 steps),428966
Qwen3-VL-30B-A3B + WM,ai2thor05573,FloorPlan409,0,0,"Environment exception: 
	Action: ""ThrowObject"" called with invalid argument: 'objectId'
	Expected arguments: Single move",128653
Qwen3-VL-30B-A3B + WM,ai2thor05566,FloorPlan218,0,0,Reached maximum step limit (34 steps),469813
Qwen3-VL-30B-A3B + WM,ai2thor05571,FloorPlan412,0,0,Reached maximum step limit (26 steps),307600
Qwen3-VL-30B-A3B + WM,ai2thor05565,FloorPlan218,0,0,Reached maximum step limit (40 steps),604864
Qwen3-VL-30B-A3B + WM,ai2thor05575,FloorPlan417,0,0,Reached maximum step limit (28 steps),331796
Qwen3-VL-30B-A3B + WM,ai2thor05578,FloorPlan418,0,0,Model claimed DONE but success conditions not met,53548
Qwen3-VL-30B-A3B + WM,ai2thor05579,FloorPlan415,0,0,Model determined task cannot be completed or refused to continue,54680
Qwen3-VL-30B-A3B + WM,ai2thor05580,FloorPlan402,0,0,Model determined task cannot be completed or refused to continue,17181
Qwen3-VL-30B-A3B + WM,ai2thor05577,FloorPlan418,0,0,Reached maximum step limit (18 steps),159960
Qwen3-VL-30B-A3B + WM,ai2thor05576,FloorPlan418,0,0,Reached maximum step limit (22 steps),226103
Qwen3-VL-30B-A3B + WM,ai2thor06000,FloorPlan301,0,0,Model claimed DONE but success conditions not met,94489
Qwen3-VL-30B-A3B + WM,ai2thor05572,FloorPlan430,0,0,Reached maximum step limit (66 steps),1130046
